Исходное значение,Округленное до сотен,Абсолютное значение,Знак,Диапазон
-6352,-6400,6352,Отрицательное,-7000..-6001
-9181,-9200,9181,Отрицательное,-10000..-9001
-988,-1000,988,Отрицательное,-1000..-1
-1976,-2000,1976,Отрицательное,-2000..-1001
-2686,-2700,2686,Отрицательное,-3000..-2001
-5428,-5400,5428,Отрицательное,-6000..-5001
-6642,-6600,6642,Отрицательное,-7000..-6001
7870,7900,7870,Положительное,7000..7999
-7152,-7200,7152,Отрицательное,-8000..-7001
9349,9300,9349,Положительное,9000..10000
3825,3800,3825,Положительное,3000..3999
-8959,-9000,8959,Отрицательное,-9000..-8001
-9024,-9000,9024,Отрицательное,-10000..-9001
-6930,-6900,6930,Отрицательное,-7000..-6001
-2836,-2800,2836,Отрицательное,-3000..-2001
-2377,-2400,2377,Отрицательное,-3000..-2001
6559,6600,6559,Положительное,6000..6999
9726,9700,9726,Положительное,9000..10000
-9131,-9100,9131,Отрицательное,-10000..-9001
8390,8400,8390,Положительное,8000..8999
-3485,-3500,3485,Отрицательное,-4000..-3001
7856,7900,7856,Положительное,7000..7999
3746,3700,3746,Положительное,3000..3999
-2777,-2800,2777,Отрицательное,-3000..-2001
4719,4700,4719,Положительное,4000..4999
9309,9300,9309,Положительное,9000..10000
-885,-900,885,Отрицательное,-1000..-1
-9788,-9800,9788,Отрицательное,-10000..-9001
-4769,-4800,4769,Отрицательное,-5000..-4001
3848,3800,3848,Положительное,3000..3999
1149,1100,1149,Положительное,1000..1999
-895,-900,895,Отрицательное,-1000..-1
-4906,-4900,4906,Отрицательное,-5000..-4001
-2945,-2900,2945,Отрицательное,-3000..-2001
1029,1000,1029,Положительное,1000..1999
-6651,-6700,6651,Отрицательное,-7000..-6001
-6961,-7000,6961,Отрицательное,-7000..-6001
2449,2400,2449,Положительное,2000..2999
-6831,-6800,6831,Отрицательное,-7000..-6001
1763,1800,1763,Положительное,1000..1999
1270,1300,1270,Положительное,1000..1999
9782,9800,9782,Положительное,9000..10000
-1333,-1300,1333,Отрицательное,-2000..-1001
-8577,-8600,8577,Отрицательное,-9000..-8001
5054,5100,5054,Положительное,5000..5999
7571,7600,7571,Положительное,7000..7999
-5910,-5900,5910,Отрицательное,-6000..-5001
2403,2400,2403,Положительное,2000..2999
-7418,-7400,7418,Отрицательное,-8000..-7001
8089,8100,8089,Положительное,8000..8999
-394,-400,394,Отрицательное,-1000..-1
1850,1800,1850,Положительное,1000..1999
8918,8900,8918,Положительное,8000..8999
-3700,-3700,3700,Отрицательное,-4000..-3001
-7721,-7700,7721,Отрицательное,-8000..-7001
-8499,-8500,8499,Отрицательное,-9000..-8001
-2533,-2500,2533,Отрицательное,-3000..-2001
-518,-500,518,Отрицательное,-1000..-1
-7386,-7400,7386,Отрицательное,-8000..-7001
-2372,-2400,2372,Отрицательное,-3000..-2001
-6691,-6700,6691,Отрицательное,-7000..-6001
2455,2500,2455,Положительное,2000..2999
-892,-900,892,Отрицательное,-1000..-1
4857,4900,4857,Положительное,4000..4999
1954,2000,1954,Положительное,1000..1999
-4671,-4700,4671,Отрицательное,-5000..-4001
2130,2100,2130,Положительное,2000..2999
1641,1600,1641,Положительное,1000..1999
-3135,-3100,3135,Отрицательное,-4000..-3001
-1252,-1300,1252,Отрицательное,-2000..-1001
-7661,-7700,7661,Отрицательное,-8000..-7001
9960,10000,9960,Положительное,9000..10000
-4393,-4400,4393,Отрицательное,-5000..-4001
7502,7500,7502,Положительное,7000..7999
-1979,-2000,1979,Отрицательное,-2000..-1001
-4646,-4600,4646,Отрицательное,-5000..-4001
5147,5100,5147,Положительное,5000..5999
2433,2400,2433,Положительное,2000..2999
-1155,-1200,1155,Отрицательное,-2000..-1001
8250,8200,8250,Положительное,8000..8999
-2804,-2800,2804,Отрицательное,-3000..-2001
626,600,626,Положительное,0..999
-8168,-8200,8168,Отрицательное,-9000..-8001
-2495,-2500,2495,Отрицательное,-3000..-2001
-8949,-8900,8949,Отрицательное,-9000..-8001
336,300,336,Положительное,0..999
3145,3100,3145,Положительное,3000..3999
-1227,-1200,1227,Отрицательное,-2000..-1001
-7832,-7800,7832,Отрицательное,-8000..-7001
-3087,-3100,3087,Отрицательное,-4000..-3001
8585,8600,8585,Положительное,8000..8999
311,300,311,Положительное,0..999
-3033,-3000,3033,Отрицательное,-4000..-3001
6358,6400,6358,Положительное,6000..6999
2964,3000,2964,Положительное,2000..2999
5035,5000,5035,Положительное,5000..5999
-5319,-5300,5319,Отрицательное,-6000..-5001
-1321,-1300,1321,Отрицательное,-2000..-1001
-5425,-5400,5425,Отрицательное,-6000..-5001
-1919,-1900,1919,Отрицательное,-2000..-1001
8394,8400,8394,Положительное,8000..8999
7661,7700,7661,Положительное,7000..7999
-1391,-1400,1391,Отрицательное,-2000..-1001
9155,9200,9155,Положительное,9000..10000
4038,4000,4038,Положительное,4000..4999
9121,9100,9121,Положительное,9000..10000
3087,3100,3087,Положительное,3000..3999
1861,1900,1861,Положительное,1000..1999
-2814,-2800,2814,Отрицательное,-3000..-2001
-5468,-5500,5468,Отрицательное,-6000..-5001
6696,6700,6696,Положительное,6000..6999
6171,6200,6171,Положительное,6000..6999
-7022,-7000,7022,Отрицательное,-8000..-7001
-8457,-8500,8457,Отрицательное,-9000..-8001
-6408,-6400,6408,Отрицательное,-7000..-6001
-4992,-5000,4992,Отрицательное,-5000..-4001
-4758,-4800,4758,Отрицательное,-5000..-4001
3833,3800,3833,Положительное,3000..3999
9543,9500,9543,Положительное,9000..10000
-7919,-7900,7919,Отрицательное,-8000..-7001
2608,2600,2608,Положительное,2000..2999
2504,2500,2504,Положительное,2000..2999
9526,9500,9526,Положительное,9000..10000
5337,5300,5337,Положительное,5000..5999
7338,7300,7338,Положительное,7000..7999
-1762,-1800,1762,Отрицательное,-2000..-1001
8128,8100,8128,Положительное,8000..8999
-9624,-9600,9624,Отрицательное,-10000..-9001
-6247,-6200,6247,Отрицательное,-7000..-6001
7595,7600,7595,Положительное,7000..7999
-1257,-1300,1257,Отрицательное,-2000..-1001
1146,1100,1146,Положительное,1000..1999
-6345,-6300,6345,Отрицательное,-7000..-6001
-383,-400,383,Отрицательное,-1000..-1
4246,4200,4246,Положительное,4000..4999
-4818,-4800,4818,Отрицательное,-5000..-4001
4867,4900,4867,Положительное,4000..4999
-9894,-9900,9894,Отрицательное,-10000..-9001
-1370,-1400,1370,Отрицательное,-2000..-1001
6403,6400,6403,Положительное,6000..6999
-4146,-4100,4146,Отрицательное,-5000..-4001
6635,6600,6635,Положительное,6000..6999
-6514,-6500,6514,Отрицательное,-7000..-6001
-221,-200,221,Отрицательное,-1000..-1
6635,6600,6635,Положительное,6000..6999
9954,10000,9954,Положительное,9000..10000
-3483,-3500,3483,Отрицательное,-4000..-3001
-4992,-5000,4992,Отрицательное,-5000..-4001
2252,2300,2252,Положительное,2000..2999
-4707,-4700,4707,Отрицательное,-5000..-4001
7674,7700,7674,Положительное,7000..7999
7378,7400,7378,Положительное,7000..7999
-9982,-10000,9982,Отрицательное,-10000..-9001
9626,9600,9626,Положительное,9000..10000
621,600,621,Положительное,0..999
6010,6000,6010,Положительное,6000..6999
-9362,-9400,9362,Отрицательное,-10000..-9001
-6335,-6300,6335,Отрицательное,-7000..-6001
1894,1900,1894,Положительное,1000..1999
76,100,76,Положительное,0..999
-2154,-2200,2154,Отрицательное,-3000..-2001
-8102,-8100,8102,Отрицательное,-9000..-8001
-2108,-2100,2108,Отрицательное,-3000..-2001
8591,8600,8591,Положительное,8000..8999
-7420,-7400,7420,Отрицательное,-8000..-7001
-7194,-7200,7194,Отрицательное,-8000..-7001
5924,5900,5924,Положительное,5000..5999
-7733,-7700,7733,Отрицательное,-8000..-7001
7455,7500,7455,Положительное,7000..7999
-5880,-5900,5880,Отрицательное,-6000..-5001
-5793,-5800,5793,Отрицательное,-6000..-5001
5574,5600,5574,Положительное,5000..5999
8015,8000,8015,Положительное,8000..8999
-4590,-4600,4590,Отрицательное,-5000..-4001
-1315,-1300,1315,Отрицательное,-2000..-1001
7290,7300,7290,Положительное,7000..7999
9876,9900,9876,Положительное,9000..10000
3865,3900,3865,Положительное,3000..3999
-3060,-3100,3060,Отрицательное,-4000..-3001
7671,7700,7671,Положительное,7000..7999
-3409,-3400,3409,Отрицательное,-4000..-3001
214,200,214,Положительное,0..999
3074,3100,3074,Положительное,3000..3999
2236,2200,2236,Положительное,2000..2999
4355,4400,4355,Положительное,4000..4999
6959,7000,6959,Положительное,6000..6999
4794,4800,4794,Положительное,4000..4999
-6035,-6000,6035,Отрицательное,-7000..-6001
-1877,-1900,1877,Отрицательное,-2000..-1001
-2638,-2600,2638,Отрицательное,-3000..-2001
-7902,-7900,7902,Отрицательное,-8000..-7001
1078,1100,1078,Положительное,1000..1999
-9311,-9300,9311,Отрицательное,-10000..-9001
9277,9300,9277,Положительное,9000..10000
8150,8200,8150,Положительное,8000..8999
-2460,-2500,2460,Отрицательное,-3000..-2001
9282,9300,9282,Положительное,9000..10000
-2784,-2800,2784,Отрицательное,-3000..-2001
-9765,-9800,9765,Отрицательное,-10000..-9001
-7674,-7700,7674,Отрицательное,-8000..-7001
-8071,-8100,8071,Отрицательное,-9000..-8001
-2499,-2500,2499,Отрицательное,-3000..-2001
-7792,-7800,7792,Отрицательное,-8000..-7001
-8971,-9000,8971,Отрицательное,-9000..-8001
827,800,827,Положительное,0..999
-7679,-7700,7679,Отрицательное,-8000..-7001
6847,6800,6847,Положительное,6000..6999
-2202,-2200,2202,Отрицательное,-3000..-2001
-875,-900,875,Отрицательное,-1000..-1
5906,5900,5906,Положительное,5000..5999
-2980,-3000,2980,Отрицательное,-3000..-2001
7669,7700,7669,Положительное,7000..7999
-5665,-5700,5665,Отрицательное,-6000..-5001
8711,8700,8711,Положительное,8000..8999
8881,8900,8881,Положительное,8000..8999
5488,5500,5488,Положительное,5000..5999
-2038,-2000,2038,Отрицательное,-3000..-2001
5498,5500,5498,Положительное,5000..5999
3338,3300,3338,Положительное,3000..3999
-3761,-3800,3761,Отрицательное,-4000..-3001
-6910,-6900,6910,Отрицательное,-7000..-6001
-6824,-6800,6824,Отрицательное,-7000..-6001
4124,4100,4124,Положительное,4000..4999
1609,1600,1609,Положительное,1000..1999
3879,3900,3879,Положительное,3000..3999
3470,3500,3470,Положительное,3000..3999
5303,5300,5303,Положительное,5000..5999
-8225,-8200,8225,Отрицательное,-9000..-8001
-6776,-6800,6776,Отрицательное,-7000..-6001
-8014,-8000,8014,Отрицательное,-9000..-8001
3193,3200,3193,Положительное,3000..3999
1118,1100,1118,Положительное,1000..1999
-6420,-6400,6420,Отрицательное,-7000..-6001
-1853,-1900,1853,Отрицательное,-2000..-1001
-3722,-3700,3722,Отрицательное,-4000..-3001
-3768,-3800,3768,Отрицательное,-4000..-3001
7573,7600,7573,Положительное,7000..7999
4700,4700,4700,Положительное,4000..4999
-5407,-5400,5407,Отрицательное,-6000..-5001
3824,3800,3824,Положительное,3000..3999
-3988,-4000,3988,Отрицательное,-4000..-3001
-873,-900,873,Отрицательное,-1000..-1
5159,5200,5159,Положительное,5000..5999
-1815,-1800,1815,Отрицательное,-2000..-1001
-7530,-7500,7530,Отрицательное,-8000..-7001
4520,4500,4520,Положительное,4000..4999
8033,8000,8033,Положительное,8000..8999
-6792,-6800,6792,Отрицательное,-7000..-6001
-8343,-8300,8343,Отрицательное,-9000..-8001
7713,7700,7713,Положительное,7000..7999
-9517,-9500,9517,Отрицательное,-10000..-9001
-6944,-6900,6944,Отрицательное,-7000..-6001
-2255,-2300,2255,Отрицательное,-3000..-2001
-4551,-4600,4551,Отрицательное,-5000..-4001
3317,3300,3317,Положительное,3000..3999
5913,5900,5913,Положительное,5000..5999
5773,5800,5773,Положительное,5000..5999
-2996,-3000,2996,Отрицательное,-3000..-2001
3141,3100,3141,Положительное,3000..3999
-8079,-8100,8079,Отрицательное,-9000..-8001
-4606,-4600,4606,Отрицательное,-5000..-4001
2418,2400,2418,Положительное,2000..2999
-9930,-9900,9930,Отрицательное,-10000..-9001
2793,2800,2793,Положительное,2000..2999
-1310,-1300,1310,Отрицательное,-2000..-1001
4909,4900,4909,Положительное,4000..4999
-653,-700,653,Отрицательное,-1000..-1
3861,3900,3861,Положительное,3000..3999
8211,8200,8211,Положительное,8000..8999
5947,5900,5947,Положительное,5000..5999
-4928,-4900,4928,Отрицательное,-5000..-4001
-3778,-3800,3778,Отрицательное,-4000..-3001
-278,-300,278,Отрицательное,-1000..-1
-2867,-2900,2867,Отрицательное,-3000..-2001
-8084,-8100,8084,Отрицательное,-9000..-8001
8978,9000,8978,Положительное,8000..8999
7766,7800,7766,Положительное,7000..7999
-8003,-8000,8003,Отрицательное,-9000..-8001
276,300,276,Положительное,0..999
-8127,-8100,8127,Отрицательное,-9000..-8001
-8357,-8400,8357,Отрицательное,-9000..-8001
9142,9100,9142,Положительное,9000..10000
5623,5600,5623,Положительное,5000..5999
6477,6500,6477,Положительное,6000..6999
7403,7400,7403,Положительное,7000..7999
-4842,-4800,4842,Отрицательное,-5000..-4001
-8137,-8100,8137,Отрицательное,-9000..-8001
6640,6600,6640,Положительное,6000..6999
-7375,-7400,7375,Отрицательное,-8000..-7001
-3911,-3900,3911,Отрицательное,-4000..-3001
-7755,-7800,7755,Отрицательное,-8000..-7001
9498,9500,9498,Положительное,9000..10000
-7774,-7800,7774,Отрицательное,-8000..-7001
-2293,-2300,2293,Отрицательное,-3000..-2001
3230,3200,3230,Положительное,3000..3999
-6072,-6100,6072,Отрицательное,-7000..-6001
8667,8700,8667,Положительное,8000..8999
-1933,-1900,1933,Отрицательное,-2000..-1001
8970,9000,8970,Положительное,8000..8999
9481,9500,9481,Положительное,9000..10000
-8698,-8700,8698,Отрицательное,-9000..-8001
-7314,-7300,7314,Отрицательное,-8000..-7001
3737,3700,3737,Положительное,3000..3999
9125,9100,9125,Положительное,9000..10000
8521,8500,8521,Положительное,8000..8999
7130,7100,7130,Положительное,7000..7999
366,400,366,Положительное,0..999
-1456,-1500,1456,Отрицательное,-2000..-1001
-3307,-3300,3307,Отрицательное,-4000..-3001
295,300,295,Положительное,0..999
-2179,-2200,2179,Отрицательное,-3000..-2001
-1297,-1300,1297,Отрицательное,-2000..-1001
2969,3000,2969,Положительное,2000..2999
-5712,-5700,5712,Отрицательное,-6000..-5001
-170,-200,170,Отрицательное,-1000..-1
4982,5000,4982,Положительное,4000..4999
360,400,360,Положительное,0..999
-7623,-7600,7623,Отрицательное,-8000..-7001
-9695,-9700,9695,Отрицательное,-10000..-9001
5017,5000,5017,Положительное,5000..5999
8448,8400,8448,Положительное,8000..8999
-6724,-6700,6724,Отрицательное,-7000..-6001
-7600,-7600,7600,Отрицательное,-8000..-7001
7617,7600,7617,Положительное,7000..7999
-3016,-3000,3016,Отрицательное,-4000..-3001
6576,6600,6576,Положительное,6000..6999
-1310,-1300,1310,Отрицательное,-2000..-1001
-5660,-5700,5660,Отрицательное,-6000..-5001
1436,1400,1436,Положительное,1000..1999
-7746,-7700,7746,Отрицательное,-8000..-7001
-1996,-2000,1996,Отрицательное,-2000..-1001
2108,2100,2108,Положительное,2000..2999
-662,-700,662,Отрицательное,-1000..-1
-4831,-4800,4831,Отрицательное,-5000..-4001
4358,4400,4358,Положительное,4000..4999
7800,7800,7800,Положительное,7000..7999
-88,-100,88,Отрицательное,-1000..-1
7332,7300,7332,Положительное,7000..7999
-9744,-9700,9744,Отрицательное,-10000..-9001
8173,8200,8173,Положительное,8000..8999
-190,-200,190,Отрицательное,-1000..-1
-6606,-6600,6606,Отрицательное,-7000..-6001
-5600,-5600,5600,Отрицательное,-6000..-5001
-1334,-1300,1334,Отрицательное,-2000..-1001
-6218,-6200,6218,Отрицательное,-7000..-6001
-6493,-6500,6493,Отрицательное,-7000..-6001
8128,8100,8128,Положительное,8000..8999
-4907,-4900,4907,Отрицательное,-5000..-4001
-1076,-1100,1076,Отрицательное,-2000..-1001
-768,-800,768,Отрицательное,-1000..-1
9819,9800,9819,Положительное,9000..10000
-3099,-3100,3099,Отрицательное,-4000..-3001
1235,1200,1235,Положительное,1000..1999
-3329,-3300,3329,Отрицательное,-4000..-3001
-1350,-1400,1350,Отрицательное,-2000..-1001
6561,6600,6561,Положительное,6000..6999
6008,6000,6008,Положительное,6000..6999
-1772,-1800,1772,Отрицательное,-2000..-1001
-8336,-8300,8336,Отрицательное,-9000..-8001
-6976,-7000,6976,Отрицательное,-7000..-6001
3879,3900,3879,Положительное,3000..3999
-934,-900,934,Отрицательное,-1000..-1
-8556,-8600,8556,Отрицательное,-9000..-8001
-9884,-9900,9884,Отрицательное,-10000..-9001
929,900,929,Положительное,0..999
-5714,-5700,5714,Отрицательное,-6000..-5001
-1417,-1400,1417,Отрицательное,-2000..-1001
-4706,-4700,4706,Отрицательное,-5000..-4001
4478,4500,4478,Положительное,4000..4999
8077,8100,8077,Положительное,8000..8999
4014,4000,4014,Положительное,4000..4999
8379,8400,8379,Положительное,8000..8999
-9684,-9700,9684,Отрицательное,-10000..-9001
-6335,-6300,6335,Отрицательное,-7000..-6001
-7535,-7500,7535,Отрицательное,-8000..-7001
-5116,-5100,5116,Отрицательное,-6000..-5001
7877,7900,7877,Положительное,7000..7999
-8820,-8800,8820,Отрицательное,-9000..-8001
2098,2100,2098,Положительное,2000..2999
9087,9100,9087,Положительное,9000..10000
8105,8100,8105,Положительное,8000..8999
-5148,-5100,5148,Отрицательное,-6000..-5001
4083,4100,4083,Положительное,4000..4999
-5824,-5800,5824,Отрицательное,-6000..-5001
-8630,-8600,8630,Отрицательное,-9000..-8001
101,100,101,Положительное,0..999
1948,1900,1948,Положительное,1000..1999
-8693,-8700,8693,Отрицательное,-9000..-8001
1724,1700,1724,Положительное,1000..1999
-3117,-3100,3117,Отрицательное,-4000..-3001
-1824,-1800,1824,Отрицательное,-2000..-1001
-6632,-6600,6632,Отрицательное,-7000..-6001
1589,1600,1589,Положительное,1000..1999
8346,8300,8346,Положительное,8000..8999
3316,3300,3316,Положительное,3000..3999
-4936,-4900,4936,Отрицательное,-5000..-4001
-2243,-2200,2243,Отрицательное,-3000..-2001
-4676,-4700,4676,Отрицательное,-5000..-4001
-4199,-4200,4199,Отрицательное,-5000..-4001
3510,3500,3510,Положительное,3000..3999
-9188,-9200,9188,Отрицательное,-10000..-9001
-4123,-4100,4123,Отрицательное,-5000..-4001
885,900,885,Положительное,0..999
3491,3500,3491,Положительное,3000..3999
-1869,-1900,1869,Отрицательное,-2000..-1001
-1258,-1300,1258,Отрицательное,-2000..-1001
-4784,-4800,4784,Отрицательное,-5000..-4001
-6458,-6500,6458,Отрицательное,-7000..-6001
2535,2500,2535,Положительное,2000..2999
-8732,-8700,8732,Отрицательное,-9000..-8001
5423,5400,5423,Положительное,5000..5999
-2712,-2700,2712,Отрицательное,-3000..-2001
-3461,-3500,3461,Отрицательное,-4000..-3001
5083,5100,5083,Положительное,5000..5999
1457,1500,1457,Положительное,1000..1999
0,0,0,Ноль,0..999
-2543,-2500,2543,Отрицательное,-3000..-2001
-2696,-2700,2696,Отрицательное,-3000..-2001
-9225,-9200,9225,Отрицательное,-10000..-9001
-3672,-3700,3672,Отрицательное,-4000..-3001
3056,3100,3056,Положительное,3000..3999
756,800,756,Положительное,0..999
-871,-900,871,Отрицательное,-1000..-1
-7726,-7700,7726,Отрицательное,-8000..-7001
-854,-900,854,Отрицательное,-1000..-1
1506,1500,1506,Положительное,1000..1999
6692,6700,6692,Положительное,6000..6999
3096,3100,3096,Положительное,3000..3999
7570,7600,7570,Положительное,7000..7999
851,900,851,Положительное,0..999
-9096,-9100,9096,Отрицательное,-10000..-9001
-6221,-6200,6221,Отрицательное,-7000..-6001
-1441,-1400,1441,Отрицательное,-2000..-1001
-4149,-4100,4149,Отрицательное,-5000..-4001
9024,9000,9024,Положительное,9000..10000
-1302,-1300,1302,Отрицательное,-2000..-1001
-8747,-8700,8747,Отрицательное,-9000..-8001
-6448,-6400,6448,Отрицательное,-7000..-6001
9548,9500,9548,Положительное,9000..10000
4239,4200,4239,Положительное,4000..4999
1327,1300,1327,Положительное,1000..1999
278,300,278,Положительное,0..999
4299,4300,4299,Положительное,4000..4999
9864,9900,9864,Положительное,9000..10000
6758,6800,6758,Положительное,6000..6999
-6211,-6200,6211,Отрицательное,-7000..-6001
2622,2600,2622,Положительное,2000..2999
8893,8900,8893,Положительное,8000..8999
-3772,-3800,3772,Отрицательное,-4000..-3001
-1654,-1700,1654,Отрицательное,-2000..-1001
-8546,-8500,8546,Отрицательное,-9000..-8001
4288,4300,4288,Положительное,4000..4999
-9945,-9900,9945,Отрицательное,-10000..-9001
7036,7000,7036,Положительное,7000..7999
7643,7600,7643,Положительное,7000..7999
-3544,-3500,3544,Отрицательное,-4000..-3001
1934,1900,1934,Положительное,1000..1999
4132,4100,4132,Положительное,4000..4999
-7708,-7700,7708,Отрицательное,-8000..-7001
819,800,819,Положительное,0..999
286,300,286,Положительное,0..999
-5917,-5900,5917,Отрицательное,-6000..-5001
-160,-200,160,Отрицательное,-1000..-1
6617,6600,6617,Положительное,6000..6999
134,100,134,Положительное,0..999
3382,3400,3382,Положительное,3000..3999
688,700,688,Положительное,0..999
3185,3200,3185,Положительное,3000..3999
-312,-300,312,Отрицательное,-1000..-1
8166,8200,8166,Положительное,8000..8999
-5830,-5800,5830,Отрицательное,-6000..-5001
-3714,-3700,3714,Отрицательное,-4000..-3001
3777,3800,3777,Положительное,3000..3999
2423,2400,2423,Положительное,2000..2999
-4298,-4300,4298,Отрицательное,-5000..-4001
8648,8600,8648,Положительное,8000..8999
-139,-100,139,Отрицательное,-1000..-1
3306,3300,3306,Положительное,3000..3999
7954,8000,7954,Положительное,7000..7999
-9987,-10000,9987,Отрицательное,-10000..-9001
-43,0,43,Отрицательное,-1000..-1
-599,-600,599,Отрицательное,-1000..-1
-3113,-3100,3113,Отрицательное,-4000..-3001
4086,4100,4086,Положительное,4000..4999
9004,9000,9004,Положительное,9000..10000
9879,9900,9879,Положительное,9000..10000
559,600,559,Положительное,0..999
5236,5200,5236,Положительное,5000..5999
4476,4500,4476,Положительное,4000..4999
4488,4500,4488,Положительное,4000..4999
-2998,-3000,2998,Отрицательное,-3000..-2001
6750,6800,6750,Положительное,6000..6999
5505,5500,5505,Положительное,5000..5999
-4440,-4400,4440,Отрицательное,-5000..-4001
-7222,-7200,7222,Отрицательное,-8000..-7001
-701,-700,701,Отрицательное,-1000..-1
6890,6900,6890,Положительное,6000..6999
983,1000,983,Положительное,0..999
-6940,-6900,6940,Отрицательное,-7000..-6001
-2304,-2300,2304,Отрицательное,-3000..-2001
171,200,171,Положительное,0..999
-2639,-2600,2639,Отрицательное,-3000..-2001
-3475,-3500,3475,Отрицательное,-4000..-3001
-5172,-5200,5172,Отрицательное,-6000..-5001
-9200,-9200,9200,Отрицательное,-10000..-9001
-8486,-8500,8486,Отрицательное,-9000..-8001
-1977,-2000,1977,Отрицательное,-2000..-1001
5569,5600,5569,Положительное,5000..5999
-7614,-7600,7614,Отрицательное,-8000..-7001
4923,4900,4923,Положительное,4000..4999
3580,3600,3580,Положительное,3000..3999
8863,8900,8863,Положительное,8000..8999
-3629,-3600,3629,Отрицательное,-4000..-3001
2582,2600,2582,Положительное,2000..2999
6199,6200,6199,Положительное,6000..6999
3095,3100,3095,Положительное,3000..3999
-2006,-2000,2006,Отрицательное,-3000..-2001
-5165,-5200,5165,Отрицательное,-6000..-5001
-9819,-9800,9819,Отрицательное,-10000..-9001
-6508,-6500,6508,Отрицательное,-7000..-6001
3931,3900,3931,Положительное,3000..3999
-2830,-2800,2830,Отрицательное,-3000..-2001
-4237,-4200,4237,Отрицательное,-5000..-4001
6972,7000,6972,Положительное,6000..6999
5222,5200,5222,Положительное,5000..5999
-8355,-8400,8355,Отрицательное,-9000..-8001
8265,8300,8265,Положительное,8000..8999
-1835,-1800,1835,Отрицательное,-2000..-1001
-6024,-6000,6024,Отрицательное,-7000..-6001
4957,5000,4957,Положительное,4000..4999
-5631,-5600,5631,Отрицательное,-6000..-5001
5225,5200,5225,Положительное,5000..5999
7404,7400,7404,Положительное,7000..7999
8314,8300,8314,Положительное,8000..8999
9511,9500,9511,Положительное,9000..10000
397,400,397,Положительное,0..999
4502,4500,4502,Положительное,4000..4999
6540,6500,6540,Положительное,6000..6999
3983,4000,3983,Положительное,3000..3999
7952,8000,7952,Положительное,7000..7999
4611,4600,4611,Положительное,4000..4999
-4785,-4800,4785,Отрицательное,-5000..-4001
5554,5600,5554,Положительное,5000..5999
4747,4700,4747,Положительное,4000..4999
-1507,-1500,1507,Отрицательное,-2000..-1001
-1899,-1900,1899,Отрицательное,-2000..-1001
-914,-900,914,Отрицательное,-1000..-1
7081,7100,7081,Положительное,7000..7999
5879,5900,5879,Положительное,5000..5999
-2161,-2200,2161,Отрицательное,-3000..-2001
-1002,-1000,1002,Отрицательное,-2000..-1001
4413,4400,4413,Положительное,4000..4999
-7462,-7500,7462,Отрицательное,-8000..-7001
-638,-600,638,Отрицательное,-1000..-1
-2317,-2300,2317,Отрицательное,-3000..-2001
-1097,-1100,1097,Отрицательное,-2000..-1001
1005,1000,1005,Положительное,1000..1999
476,500,476,Положительное,0..999
7699,7700,7699,Положительное,7000..7999
-7360,-7400,7360,Отрицательное,-8000..-7001
-5466,-5500,5466,Отрицательное,-6000..-5001
-5058,-5100,5058,Отрицательное,-6000..-5001
-2423,-2400,2423,Отрицательное,-3000..-2001
2551,2600,2551,Положительное,2000..2999
-4993,-5000,4993,Отрицательное,-5000..-4001
-2990,-3000,2990,Отрицательное,-3000..-2001
-7896,-7900,7896,Отрицательное,-8000..-7001
3594,3600,3594,Положительное,3000..3999
3356,3400,3356,Положительное,3000..3999
842,800,842,Положительное,0..999
7780,7800,7780,Положительное,7000..7999
5267,5300,5267,Положительное,5000..5999
3624,3600,3624,Положительное,3000..3999
-7960,-8000,7960,Отрицательное,-8000..-7001
-3223,-3200,3223,Отрицательное,-4000..-3001
3767,3800,3767,Положительное,3000..3999
2762,2800,2762,Положительное,2000..2999
9139,9100,9139,Положительное,9000..10000
-9360,-9400,9360,Отрицательное,-10000..-9001
8864,8900,8864,Положительное,8000..8999
2464,2500,2464,Положительное,2000..2999
5629,5600,5629,Положительное,5000..5999
-9807,-9800,9807,Отрицательное,-10000..-9001
1526,1500,1526,Положительное,1000..1999
-216,-200,216,Отрицательное,-1000..-1
2779,2800,2779,Положительное,2000..2999
3730,3700,3730,Положительное,3000..3999
7636,7600,7636,Положительное,7000..7999
7895,7900,7895,Положительное,7000..7999
9767,9800,9767,Положительное,9000..10000
-2774,-2800,2774,Отрицательное,-3000..-2001
5998,6000,5998,Положительное,5000..5999
-2810,-2800,2810,Отрицательное,-3000..-2001
-1057,-1100,1057,Отрицательное,-2000..-1001
4281,4300,4281,Положительное,4000..4999
5913,5900,5913,Положительное,5000..5999
-9049,-9000,9049,Отрицательное,-10000..-9001
2742,2700,2742,Положительное,2000..2999
1014,1000,1014,Положительное,1000..1999
3248,3200,3248,Положительное,3000..3999
-4592,-4600,4592,Отрицательное,-5000..-4001
5315,5300,5315,Положительное,5000..5999
-5818,-5800,5818,Отрицательное,-6000..-5001
7502,7500,7502,Положительное,7000..7999
-9117,-9100,9117,Отрицательное,-10000..-9001
2911,2900,2911,Положительное,2000..2999
9395,9400,9395,Положительное,9000..10000
8493,8500,8493,Положительное,8000..8999
-9112,-9100,9112,Отрицательное,-10000..-9001
-7250,-7200,7250,Отрицательное,-8000..-7001
4044,4000,4044,Положительное,4000..4999
-5554,-5600,5554,Отрицательное,-6000..-5001
5128,5100,5128,Положительное,5000..5999
-4046,-4000,4046,Отрицательное,-5000..-4001
-8353,-8400,8353,Отрицательное,-9000..-8001
-1476,-1500,1476,Отрицательное,-2000..-1001
2422,2400,2422,Положительное,2000..2999
726,700,726,Положительное,0..999
-3065,-3100,3065,Отрицательное,-4000..-3001
4899,4900,4899,Положительное,4000..4999
710,700,710,Положительное,0..999
1059,1100,1059,Положительное,1000..1999
2423,2400,2423,Положительное,2000..2999
-883,-900,883,Отрицательное,-1000..-1
3813,3800,3813,Положительное,3000..3999
-1734,-1700,1734,Отрицательное,-2000..-1001
-7317,-7300,7317,Отрицательное,-8000..-7001
5411,5400,5411,Положительное,5000..5999
-9365,-9400,9365,Отрицательное,-10000..-9001
7675,7700,7675,Положительное,7000..7999
-8294,-8300,8294,Отрицательное,-9000..-8001
1467,1500,1467,Положительное,1000..1999
-2653,-2700,2653,Отрицательное,-3000..-2001
-7752,-7800,7752,Отрицательное,-8000..-7001
-8681,-8700,8681,Отрицательное,-9000..-8001
-8984,-9000,8984,Отрицательное,-9000..-8001
-1898,-1900,1898,Отрицательное,-2000..-1001
-3468,-3500,3468,Отрицательное,-4000..-3001
-9333,-9300,9333,Отрицательное,-10000..-9001
-5007,-5000,5007,Отрицательное,-6000..-5001
-2184,-2200,2184,Отрицательное,-3000..-2001
-5864,-5900,5864,Отрицательное,-6000..-5001
5517,5500,5517,Положительное,5000..5999
-6252,-6300,6252,Отрицательное,-7000..-6001
8480,8500,8480,Положительное,8000..8999
-2858,-2900,2858,Отрицательное,-3000..-2001
5238,5200,5238,Положительное,5000..5999
-1604,-1600,1604,Отрицательное,-2000..-1001
2087,2100,2087,Положительное,2000..2999
-4502,-4500,4502,Отрицательное,-5000..-4001
9853,9900,9853,Положительное,9000..10000
9898,9900,9898,Положительное,9000..10000
-6247,-6200,6247,Отрицательное,-7000..-6001
-4634,-4600,4634,Отрицательное,-5000..-4001
192,200,192,Положительное,0..999
-6458,-6500,6458,Отрицательное,-7000..-6001
8962,9000,8962,Положительное,8000..8999
-9159,-9200,9159,Отрицательное,-10000..-9001
222,200,222,Положительное,0..999
8867,8900,8867,Положительное,8000..8999
2298,2300,2298,Положительное,2000..2999
2997,3000,2997,Положительное,2000..2999
-3502,-3500,3502,Отрицательное,-4000..-3001
-7510,-7500,7510,Отрицательное,-8000..-7001
9401,9400,9401,Положительное,9000..10000
-2043,-2000,2043,Отрицательное,-3000..-2001
-6661,-6700,6661,Отрицательное,-7000..-6001
-118,-100,118,Отрицательное,-1000..-1
9674,9700,9674,Положительное,9000..10000
-6034,-6000,6034,Отрицательное,-7000..-6001
8544,8500,8544,Положительное,8000..8999
-8655,-8700,8655,Отрицательное,-9000..-8001
1377,1400,1377,Положительное,1000..1999
7456,7500,7456,Положительное,7000..7999
4037,4000,4037,Положительное,4000..4999
2142,2100,2142,Положительное,2000..2999
-7741,-7700,7741,Отрицательное,-8000..-7001
6579,6600,6579,Положительное,6000..6999
1181,1200,1181,Положительное,1000..1999
-9586,-9600,9586,Отрицательное,-10000..-9001
3764,3800,3764,Положительное,3000..3999
6062,6100,6062,Положительное,6000..6999
-6542,-6500,6542,Отрицательное,-7000..-6001
4205,4200,4205,Положительное,4000..4999
1868,1900,1868,Положительное,1000..1999
5064,5100,5064,Положительное,5000..5999
-4987,-5000,4987,Отрицательное,-5000..-4001
4270,4300,4270,Положительное,4000..4999
-4229,-4200,4229,Отрицательное,-5000..-4001
7096,7100,7096,Положительное,7000..7999
-1150,-1200,1150,Отрицательное,-2000..-1001
7634,7600,7634,Положительное,7000..7999
5843,5800,5843,Положительное,5000..5999
5232,5200,5232,Положительное,5000..5999
4272,4300,4272,Положительное,4000..4999
9414,9400,9414,Положительное,9000..10000
-1206,-1200,1206,Отрицательное,-2000..-1001
561,600,561,Положительное,0..999
-1956,-2000,1956,Отрицательное,-2000..-1001
-7161,-7200,7161,Отрицательное,-8000..-7001
-861,-900,861,Отрицательное,-1000..-1
4771,4800,4771,Положительное,4000..4999
-2010,-2000,2010,Отрицательное,-3000..-2001
5227,5200,5227,Положительное,5000..5999
8672,8700,8672,Положительное,8000..8999
9999,10000,9999,Положительное,9000..10000
2418,2400,2418,Положительное,2000..2999
1023,1000,1023,Положительное,1000..1999
-9060,-9100,9060,Отрицательное,-10000..-9001
6197,6200,6197,Положительное,6000..6999
650,600,650,Положительное,0..999
-4042,-4000,4042,Отрицательное,-5000..-4001
5976,6000,5976,Положительное,5000..5999
-3050,-3000,3050,Отрицательное,-4000..-3001
1626,1600,1626,Положительное,1000..1999
-1535,-1500,1535,Отрицательное,-2000..-1001
1152,1200,1152,Положительное,1000..1999
-837,-800,837,Отрицательное,-1000..-1
9534,9500,9534,Положительное,9000..10000
-948,-900,948,Отрицательное,-1000..-1
8212,8200,8212,Положительное,8000..8999
-9668,-9700,9668,Отрицательное,-10000..-9001
6928,6900,6928,Положительное,6000..6999
-3740,-3700,3740,Отрицательное,-4000..-3001
-7195,-7200,7195,Отрицательное,-8000..-7001
-2092,-2100,2092,Отрицательное,-3000..-2001
3317,3300,3317,Положительное,3000..3999
6009,6000,6009,Положительное,6000..6999
8192,8200,8192,Положительное,8000..8999
-2126,-2100,2126,Отрицательное,-3000..-2001
5600,5600,5600,Положительное,5000..5999
6083,6100,6083,Положительное,6000..6999
4685,4700,4685,Положительное,4000..4999
-9435,-9400,9435,Отрицательное,-10000..-9001
-6951,-7000,6951,Отрицательное,-7000..-6001
-359,-400,359,Отрицательное,-1000..-1
-2739,-2700,2739,Отрицательное,-3000..-2001
3251,3300,3251,Положительное,3000..3999
-2028,-2000,2028,Отрицательное,-3000..-2001
33,0,33,Положительное,0..999
9056,9100,9056,Положительное,9000..10000
2092,2100,2092,Положительное,2000..2999
5507,5500,5507,Положительное,5000..5999
8136,8100,8136,Положительное,8000..8999
7397,7400,7397,Положительное,7000..7999
1264,1300,1264,Положительное,1000..1999
3942,3900,3942,Положительное,3000..3999
8035,8000,8035,Положительное,8000..8999
839,800,839,Положительное,0..999
1528,1500,1528,Положительное,1000..1999
4868,4900,4868,Положительное,4000..4999
-1123,-1100,1123,Отрицательное,-2000..-1001
47,0,47,Положительное,0..999
-1763,-1800,1763,Отрицательное,-2000..-1001
-2446,-2400,2446,Отрицательное,-3000..-2001
-6047,-6000,6047,Отрицательное,-7000..-6001
-3690,-3700,3690,Отрицательное,-4000..-3001
339,300,339,Положительное,0..999
-6083,-6100,6083,Отрицательное,-7000..-6001
7559,7600,7559,Положительное,7000..7999
-3934,-3900,3934,Отрицательное,-4000..-3001
-3724,-3700,3724,Отрицательное,-4000..-3001
-2910,-2900,2910,Отрицательное,-3000..-2001
5866,5900,5866,Положительное,5000..5999
-940,-900,940,Отрицательное,-1000..-1
9319,9300,9319,Положительное,9000..10000
7191,7200,7191,Положительное,7000..7999
9555,9600,9555,Положительное,9000..10000
-727,-700,727,Отрицательное,-1000..-1
-6706,-6700,6706,Отрицательное,-7000..-6001
-3640,-3600,3640,Отрицательное,-4000..-3001
-293,-300,293,Отрицательное,-1000..-1
-2546,-2500,2546,Отрицательное,-3000..-2001
1825,1800,1825,Положительное,1000..1999
-4121,-4100,4121,Отрицательное,-5000..-4001
-96,-100,96,Отрицательное,-1000..-1
-9537,-9500,9537,Отрицательное,-10000..-9001
7502,7500,7502,Положительное,7000..7999
-5853,-5900,5853,Отрицательное,-6000..-5001
-1012,-1000,1012,Отрицательное,-2000..-1001
-8509,-8500,8509,Отрицательное,-9000..-8001
-8214,-8200,8214,Отрицательное,-9000..-8001
8132,8100,8132,Положительное,8000..8999
-428,-400,428,Отрицательное,-1000..-1
-5863,-5900,5863,Отрицательное,-6000..-5001
6085,6100,6085,Положительное,6000..6999
-6639,-6600,6639,Отрицательное,-7000..-6001
-9599,-9600,9599,Отрицательное,-10000..-9001
8810,8800,8810,Положительное,8000..8999
-683,-700,683,Отрицательное,-1000..-1
5381,5400,5381,Положительное,5000..5999
5686,5700,5686,Положительное,5000..5999
4433,4400,4433,Положительное,4000..4999
1164,1200,1164,Положительное,1000..1999
-3959,-4000,3959,Отрицательное,-4000..-3001
-8317,-8300,8317,Отрицательное,-9000..-8001
-1727,-1700,1727,Отрицательное,-2000..-1001
5654,5700,5654,Положительное,5000..5999
-6262,-6300,6262,Отрицательное,-7000..-6001
-7859,-7900,7859,Отрицательное,-8000..-7001
3130,3100,3130,Положительное,3000..3999
6113,6100,6113,Положительное,6000..6999
-7573,-7600,7573,Отрицательное,-8000..-7001
8907,8900,8907,Положительное,8000..8999
-8244,-8200,8244,Отрицательное,-9000..-8001
-5029,-5000,5029,Отрицательное,-6000..-5001
-5112,-5100,5112,Отрицательное,-6000..-5001
8443,8400,8443,Положительное,8000..8999
-44,0,44,Отрицательное,-1000..-1
-7209,-7200,7209,Отрицательное,-8000..-7001
-1868,-1900,1868,Отрицательное,-2000..-1001
-6119,-6100,6119,Отрицательное,-7000..-6001
8286,8300,8286,Положительное,8000..8999
3637,3600,3637,Положительное,3000..3999
9867,9900,9867,Положительное,9000..10000
9533,9500,9533,Положительное,9000..10000
-2605,-2600,2605,Отрицательное,-3000..-2001
7123,7100,7123,Положительное,7000..7999
2464,2500,2464,Положительное,2000..2999
4762,4800,4762,Положительное,4000..4999
4507,4500,4507,Положительное,4000..4999
-257,-300,257,Отрицательное,-1000..-1
9284,9300,9284,Положительное,9000..10000
4051,4100,4051,Положительное,4000..4999
6,0,6,Положительное,0..999
8632,8600,8632,Положительное,8000..8999
-8027,-8000,8027,Отрицательное,-9000..-8001
9976,10000,9976,Положительное,9000..10000
-6749,-6700,6749,Отрицательное,-7000..-6001
-3192,-3200,3192,Отрицательное,-4000..-3001
-3086,-3100,3086,Отрицательное,-4000..-3001
-1329,-1300,1329,Отрицательное,-2000..-1001
-7340,-7300,7340,Отрицательное,-8000..-7001
-4854,-4900,4854,Отрицательное,-5000..-4001
-2141,-2100,2141,Отрицательное,-3000..-2001
-4305,-4300,4305,Отрицательное,-5000..-4001
8087,8100,8087,Положительное,8000..8999
-7541,-7500,7541,Отрицательное,-8000..-7001
-4871,-4900,4871,Отрицательное,-5000..-4001
-9913,-9900,9913,Отрицательное,-10000..-9001
3386,3400,3386,Положительное,3000..3999
4762,4800,4762,Положительное,4000..4999
9458,9500,9458,Положительное,9000..10000
5398,5400,5398,Положительное,5000..5999
-457,-500,457,Отрицательное,-1000..-1
-8931,-8900,8931,Отрицательное,-9000..-8001
-2415,-2400,2415,Отрицательное,-3000..-2001
-560,-600,560,Отрицательное,-1000..-1
-736,-700,736,Отрицательное,-1000..-1
4877,4900,4877,Положительное,4000..4999
-7668,-7700,7668,Отрицательное,-8000..-7001
-2352,-2400,2352,Отрицательное,-3000..-2001
-1332,-1300,1332,Отрицательное,-2000..-1001
9326,9300,9326,Положительное,9000..10000
-3518,-3500,3518,Отрицательное,-4000..-3001
3930,3900,3930,Положительное,3000..3999
-6240,-6200,6240,Отрицательное,-7000..-6001
7844,7800,7844,Положительное,7000..7999
-2634,-2600,2634,Отрицательное,-3000..-2001
-5118,-5100,5118,Отрицательное,-6000..-5001
-1296,-1300,1296,Отрицательное,-2000..-1001
-5340,-5300,5340,Отрицательное,-6000..-5001
-7661,-7700,7661,Отрицательное,-8000..-7001
-8046,-8000,8046,Отрицательное,-9000..-8001
-4564,-4600,4564,Отрицательное,-5000..-4001
79,100,79,Положительное,0..999
9498,9500,9498,Положительное,9000..10000
8651,8700,8651,Положительное,8000..8999
-543,-500,543,Отрицательное,-1000..-1
4390,4400,4390,Положительное,4000..4999
-5926,-5900,5926,Отрицательное,-6000..-5001
5358,5400,5358,Положительное,5000..5999
-36,0,36,Отрицательное,-1000..-1
3189,3200,3189,Положительное,3000..3999
-1080,-1100,1080,Отрицательное,-2000..-1001
6399,6400,6399,Положительное,6000..6999
7694,7700,7694,Положительное,7000..7999
6180,6200,6180,Положительное,6000..6999
4344,4300,4344,Положительное,4000..4999
-7365,-7400,7365,Отрицательное,-8000..-7001
9596,9600,9596,Положительное,9000..10000
-8694,-8700,8694,Отрицательное,-9000..-8001
4156,4200,4156,Положительное,4000..4999
561,600,561,Положительное,0..999
9782,9800,9782,Положительное,9000..10000
-1796,-1800,1796,Отрицательное,-2000..-1001
-9153,-9200,9153,Отрицательное,-10000..-9001
-7008,-7000,7008,Отрицательное,-8000..-7001
-2499,-2500,2499,Отрицательное,-3000..-2001
8848,8800,8848,Положительное,8000..8999
9238,9200,9238,Положительное,9000..10000
-9321,-9300,9321,Отрицательное,-10000..-9001
-1169,-1200,1169,Отрицательное,-2000..-1001
8882,8900,8882,Положительное,8000..8999
-8682,-8700,8682,Отрицательное,-9000..-8001
-4260,-4300,4260,Отрицательное,-5000..-4001
5417,5400,5417,Положительное,5000..5999
7005,7000,7005,Положительное,7000..7999
4490,4500,4490,Положительное,4000..4999
-886,-900,886,Отрицательное,-1000..-1
-4053,-4100,4053,Отрицательное,-5000..-4001
9180,9200,9180,Положительное,9000..10000
4283,4300,4283,Положительное,4000..4999
6112,6100,6112,Положительное,6000..6999
-7011,-7000,7011,Отрицательное,-8000..-7001
5401,5400,5401,Положительное,5000..5999
1401,1400,1401,Положительное,1000..1999
3380,3400,3380,Положительное,3000..3999
921,900,921,Положительное,0..999
520,500,520,Положительное,0..999
-6573,-6600,6573,Отрицательное,-7000..-6001
-4731,-4700,4731,Отрицательное,-5000..-4001
807,800,807,Положительное,0..999
3488,3500,3488,Положительное,3000..3999
6235,6200,6235,Положительное,6000..6999
-556,-600,556,Отрицательное,-1000..-1
3122,3100,3122,Положительное,3000..3999
8025,8000,8025,Положительное,8000..8999
-8798,-8800,8798,Отрицательное,-9000..-8001
4903,4900,4903,Положительное,4000..4999
-7115,-7100,7115,Отрицательное,-8000..-7001
306,300,306,Положительное,0..999
-1730,-1700,1730,Отрицательное,-2000..-1001
593,600,593,Положительное,0..999
-6202,-6200,6202,Отрицательное,-7000..-6001
3244,3200,3244,Положительное,3000..3999
6862,6900,6862,Положительное,6000..6999
-9963,-10000,9963,Отрицательное,-10000..-9001
7779,7800,7779,Положительное,7000..7999
5138,5100,5138,Положительное,5000..5999
3541,3500,3541,Положительное,3000..3999
-8224,-8200,8224,Отрицательное,-9000..-8001
-3854,-3900,3854,Отрицательное,-4000..-3001
6988,7000,6988,Положительное,6000..6999
1854,1900,1854,Положительное,1000..1999
6334,6300,6334,Положительное,6000..6999
4484,4500,4484,Положительное,4000..4999
-8309,-8300,8309,Отрицательное,-9000..-8001
-3330,-3300,3330,Отрицательное,-4000..-3001
-1250,-1200,1250,Отрицательное,-2000..-1001
7996,8000,7996,Положительное,7000..7999
-5707,-5700,5707,Отрицательное,-6000..-5001
-562,-600,562,Отрицательное,-1000..-1
4356,4400,4356,Положительное,4000..4999
5883,5900,5883,Положительное,5000..5999
-6022,-6000,6022,Отрицательное,-7000..-6001
-9055,-9100,9055,Отрицательное,-10000..-9001
9951,10000,9951,Положительное,9000..10000
-2159,-2200,2159,Отрицательное,-3000..-2001
-4811,-4800,4811,Отрицательное,-5000..-4001
182,200,182,Положительное,0..999
8049,8000,8049,Положительное,8000..8999
-9552,-9600,9552,Отрицательное,-10000..-9001
8096,8100,8096,Положительное,8000..8999
3369,3400,3369,Положительное,3000..3999
-6946,-6900,6946,Отрицательное,-7000..-6001
-2638,-2600,2638,Отрицательное,-3000..-2001
-6283,-6300,6283,Отрицательное,-7000..-6001
5120,5100,5120,Положительное,5000..5999
-6151,-6200,6151,Отрицательное,-7000..-6001
-4955,-5000,4955,Отрицательное,-5000..-4001
6330,6300,6330,Положительное,6000..6999
-437,-400,437,Отрицательное,-1000..-1
6674,6700,6674,Положительное,6000..6999
-1041,-1000,1041,Отрицательное,-2000..-1001
3614,3600,3614,Положительное,3000..3999
5810,5800,5810,Положительное,5000..5999
5473,5500,5473,Положительное,5000..5999
-2014,-2000,2014,Отрицательное,-3000..-2001
4967,5000,4967,Положительное,4000..4999
8063,8100,8063,Положительное,8000..8999
-5261,-5300,5261,Отрицательное,-6000..-5001
2569,2600,2569,Положительное,2000..2999
-3755,-3800,3755,Отрицательное,-4000..-3001
9640,9600,9640,Положительное,9000..10000
6654,6700,6654,Положительное,6000..6999
-5527,-5500,5527,Отрицательное,-6000..-5001
-7713,-7700,7713,Отрицательное,-8000..-7001
-948,-900,948,Отрицательное,-1000..-1
3596,3600,3596,Положительное,3000..3999
1137,1100,1137,Положительное,1000..1999
6637,6600,6637,Положительное,6000..6999
-1246,-1200,1246,Отрицательное,-2000..-1001
-9916,-9900,9916,Отрицательное,-10000..-9001
-732,-700,732,Отрицательное,-1000..-1
-217,-200,217,Отрицательное,-1000..-1
9232,9200,9232,Положительное,9000..10000
9002,9000,9002,Положительное,9000..10000
6044,6000,6044,Положительное,6000..6999
-5131,-5100,5131,Отрицательное,-6000..-5001
4632,4600,4632,Положительное,4000..4999
7648,7600,7648,Положительное,7000..7999
5870,5900,5870,Положительное,5000..5999
1309,1300,1309,Положительное,1000..1999
893,900,893,Положительное,0..999
8085,8100,8085,Положительное,8000..8999
7807,7800,7807,Положительное,7000..7999
2360,2400,2360,Положительное,2000..2999
4920,4900,4920,Положительное,4000..4999
544,500,544,Положительное,0..999
