Исходные значения,Знак,Диапазон,По возрастанию,По убыванию
-6352,Отрицательное,-7000..-6001,-9987,9999
-9181,Отрицательное,-10000..-9001,-9982,9976
-988,Отрицательное,-1000..-1,-9963,9960
-1976,Отрицательное,-2000..-1001,-9945,9954
-2686,Отрицательное,-3000..-2001,-9930,9951
-5428,Отрицательное,-6000..-5001,-9916,9898
-6642,Отрицательное,-7000..-6001,-9913,9879
7870,Положительное,7000..7999,-9894,9876
-7152,Отрицательное,-8000..-7001,-9884,9867
9349,Положительное,9000..10000,-9819,9864
3825,Положительное,3000..3999,-9807,9853
-8959,Отрицательное,-9000..-8001,-9788,9819
-9024,Отрицательное,-10000..-9001,-9765,9782
-6930,Отрицательное,-7000..-6001,-9744,9782
-2836,Отрицательное,-3000..-2001,-9695,9767
-2377,Отрицательное,-3000..-2001,-9684,9726
6559,Положительное,6000..6999,-9668,9674
9726,Положительное,9000..10000,-9624,9640
-9131,Отрицательное,-10000..-9001,-9599,9626
8390,Положительное,8000..8999,-9586,9596
-3485,Отрицательное,-4000..-3001,-9552,9555
7856,Положительное,7000..7999,-9537,9548
3746,Положительное,3000..3999,-9517,9543
-2777,Отрицательное,-3000..-2001,-9435,9534
4719,Положительное,4000..4999,-9365,9533
9309,Положительное,9000..10000,-9362,9526
-885,Отрицательное,-1000..-1,-9360,9511
-9788,Отрицательное,-10000..-9001,-9333,9498
-4769,Отрицательное,-5000..-4001,-9321,9498
3848,Положительное,3000..3999,-9311,9481
1149,Положительное,1000..1999,-9225,9458
-895,Отрицательное,-1000..-1,-9200,9414
-4906,Отрицательное,-5000..-4001,-9188,9401
-2945,Отрицательное,-3000..-2001,-9181,9395
1029,Положительное,1000..1999,-9159,9349
-6651,Отрицательное,-7000..-6001,-9153,9326
-6961,Отрицательное,-7000..-6001,-9131,9319
2449,Положительное,2000..2999,-9117,9309
-6831,Отрицательное,-7000..-6001,-9112,9284
1763,Положительное,1000..1999,-9096,9282
1270,Положительное,1000..1999,-9060,9277
9782,Положительное,9000..10000,-9055,9238
-1333,Отрицательное,-2000..-1001,-9049,9232
-8577,Отрицательное,-9000..-8001,-9024,9180
5054,Положительное,5000..5999,-8984,9155
7571,Положительное,7000..7999,-8971,9142
-5910,Отрицательное,-6000..-5001,-8959,9139
2403,Положительное,2000..2999,-8949,9125
-7418,Отрицательное,-8000..-7001,-8931,9121
8089,Положительное,8000..8999,-8820,9087
-394,Отрицательное,-1000..-1,-8798,9056
1850,Положительное,1000..1999,-8747,9024
8918,Положительное,8000..8999,-8732,9004
-3700,Отрицательное,-4000..-3001,-8698,9002
-7721,Отрицательное,-8000..-7001,-8694,8978
-8499,Отрицательное,-9000..-8001,-8693,8970
-2533,Отрицательное,-3000..-2001,-8682,8962
-518,Отрицательное,-1000..-1,-8681,8918
-7386,Отрицательное,-8000..-7001,-8655,8907
-2372,Отрицательное,-3000..-2001,-8630,8893
-6691,Отрицательное,-7000..-6001,-8577,8882
2455,Положительное,2000..2999,-8556,8881
-892,Отрицательное,-1000..-1,-8546,8867
4857,Положительное,4000..4999,-8509,8864
1954,Положительное,1000..1999,-8499,8863
-4671,Отрицательное,-5000..-4001,-8486,8848
2130,Положительное,2000..2999,-8457,8810
1641,Положительное,1000..1999,-8357,8711
-3135,Отрицательное,-4000..-3001,-8355,8672
-1252,Отрицательное,-2000..-1001,-8353,8667
-7661,Отрицательное,-8000..-7001,-8343,8651
9960,Положительное,9000..10000,-8336,8648
-4393,Отрицательное,-5000..-4001,-8317,8632
7502,Положительное,7000..7999,-8309,8591
-1979,Отрицательное,-2000..-1001,-8294,8585
-4646,Отрицательное,-5000..-4001,-8244,8544
5147,Положительное,5000..5999,-8225,8521
2433,Положительное,2000..2999,-8224,8493
-1155,Отрицательное,-2000..-1001,-8214,8480
8250,Положительное,8000..8999,-8168,8448
-2804,Отрицательное,-3000..-2001,-8137,8443
626,Положительное,0..999,-8127,8394
-8168,Отрицательное,-9000..-8001,-8102,8390
-2495,Отрицательное,-3000..-2001,-8084,8379
-8949,Отрицательное,-9000..-8001,-8079,8346
336,Положительное,0..999,-8071,8314
3145,Положительное,3000..3999,-8046,8286
-1227,Отрицательное,-2000..-1001,-8027,8265
-7832,Отрицательное,-8000..-7001,-8014,8250
-3087,Отрицательное,-4000..-3001,-8003,8212
8585,Положительное,8000..8999,-7960,8211
311,Положительное,0..999,-7919,8192
-3033,Отрицательное,-4000..-3001,-7902,8173
6358,Положительное,6000..6999,-7896,8166
2964,Положительное,2000..2999,-7859,8150
5035,Положительное,5000..5999,-7832,8136
-5319,Отрицательное,-6000..-5001,-7792,8132
-1321,Отрицательное,-2000..-1001,-7774,8128
-5425,Отрицательное,-6000..-5001,-7755,8128
-1919,Отрицательное,-2000..-1001,-7752,8105
8394,Положительное,8000..8999,-7746,8096
7661,Положительное,7000..7999,-7741,8089
-1391,Отрицательное,-2000..-1001,-7733,8087
9155,Положительное,9000..10000,-7726,8085
4038,Положительное,4000..4999,-7721,8077
9121,Положительное,9000..10000,-7713,8063
3087,Положительное,3000..3999,-7708,8049
1861,Положительное,1000..1999,-7679,8035
-2814,Отрицательное,-3000..-2001,-7674,8033
-5468,Отрицательное,-6000..-5001,-7668,8025
6696,Положительное,6000..6999,-7661,8015
6171,Положительное,6000..6999,-7661,7996
-7022,Отрицательное,-8000..-7001,-7623,7954
-8457,Отрицательное,-9000..-8001,-7614,7952
-6408,Отрицательное,-7000..-6001,-7600,7895
-4992,Отрицательное,-5000..-4001,-7573,7877
-4758,Отрицательное,-5000..-4001,-7541,7870
3833,Положительное,3000..3999,-7535,7856
9543,Положительное,9000..10000,-7530,7844
-7919,Отрицательное,-8000..-7001,-7510,7807
2608,Положительное,2000..2999,-7462,7800
2504,Положительное,2000..2999,-7420,7780
9526,Положительное,9000..10000,-7418,7779
5337,Положительное,5000..5999,-7386,7766
7338,Положительное,7000..7999,-7375,7713
-1762,Отрицательное,-2000..-1001,-7365,7699
8128,Положительное,8000..8999,-7360,7694
-9624,Отрицательное,-10000..-9001,-7340,7675
-6247,Отрицательное,-7000..-6001,-7317,7674
7595,Положительное,7000..7999,-7314,7671
-1257,Отрицательное,-2000..-1001,-7250,7669
1146,Положительное,1000..1999,-7222,7661
-6345,Отрицательное,-7000..-6001,-7209,7648
-383,Отрицательное,-1000..-1,-7195,7643
4246,Положительное,4000..4999,-7194,7636
-4818,Отрицательное,-5000..-4001,-7161,7634
4867,Положительное,4000..4999,-7152,7617
-9894,Отрицательное,-10000..-9001,-7115,7595
-1370,Отрицательное,-2000..-1001,-7022,7573
6403,Положительное,6000..6999,-7011,7571
-4146,Отрицательное,-5000..-4001,-7008,7570
6635,Положительное,6000..6999,-6976,7559
-6514,Отрицательное,-7000..-6001,-6961,7502
-221,Отрицательное,-1000..-1,-6951,7502
6635,Положительное,6000..6999,-6946,7502
9954,Положительное,9000..10000,-6944,7456
-3483,Отрицательное,-4000..-3001,-6940,7455
-4992,Отрицательное,-5000..-4001,-6930,7404
2252,Положительное,2000..2999,-6910,7403
-4707,Отрицательное,-5000..-4001,-6831,7397
7674,Положительное,7000..7999,-6824,7378
7378,Положительное,7000..7999,-6792,7338
-9982,Отрицательное,-10000..-9001,-6776,7332
9626,Положительное,9000..10000,-6749,7290
621,Положительное,0..999,-6724,7191
6010,Положительное,6000..6999,-6706,7130
-9362,Отрицательное,-10000..-9001,-6691,7123
-6335,Отрицательное,-7000..-6001,-6661,7096
1894,Положительное,1000..1999,-6651,7081
76,Положительное,0..999,-6642,7036
-2154,Отрицательное,-3000..-2001,-6639,7005
-8102,Отрицательное,-9000..-8001,-6632,6988
-2108,Отрицательное,-3000..-2001,-6606,6972
8591,Положительное,8000..8999,-6573,6959
-7420,Отрицательное,-8000..-7001,-6542,6928
-7194,Отрицательное,-8000..-7001,-6514,6890
5924,Положительное,5000..5999,-6508,6862
-7733,Отрицательное,-8000..-7001,-6493,6847
7455,Положительное,7000..7999,-6458,6758
-5880,Отрицательное,-6000..-5001,-6458,6750
-5793,Отрицательное,-6000..-5001,-6448,6696
5574,Положительное,5000..5999,-6420,6692
8015,Положительное,8000..8999,-6408,6674
-4590,Отрицательное,-5000..-4001,-6352,6654
-1315,Отрицательное,-2000..-1001,-6345,6640
7290,Положительное,7000..7999,-6335,6637
9876,Положительное,9000..10000,-6335,6635
3865,Положительное,3000..3999,-6283,6635
-3060,Отрицательное,-4000..-3001,-6262,6617
7671,Положительное,7000..7999,-6252,6579
-3409,Отрицательное,-4000..-3001,-6247,6576
214,Положительное,0..999,-6247,6561
3074,Положительное,3000..3999,-6240,6559
2236,Положительное,2000..2999,-6221,6540
4355,Положительное,4000..4999,-6218,6477
6959,Положительное,6000..6999,-6211,6403
4794,Положительное,4000..4999,-6202,6399
-6035,Отрицательное,-7000..-6001,-6151,6358
-1877,Отрицательное,-2000..-1001,-6119,6334
-2638,Отрицательное,-3000..-2001,-6083,6330
-7902,Отрицательное,-8000..-7001,-6072,6235
1078,Положительное,1000..1999,-6047,6199
-9311,Отрицательное,-10000..-9001,-6035,6197
9277,Положительное,9000..10000,-6034,6180
8150,Положительное,8000..8999,-6024,6171
-2460,Отрицательное,-3000..-2001,-6022,6113
9282,Положительное,9000..10000,-5926,6112
-2784,Отрицательное,-3000..-2001,-5917,6085
-9765,Отрицательное,-10000..-9001,-5910,6083
-7674,Отрицательное,-8000..-7001,-5880,6062
-8071,Отрицательное,-9000..-8001,-5864,6044
-2499,Отрицательное,-3000..-2001,-5863,6010
-7792,Отрицательное,-8000..-7001,-5853,6009
-8971,Отрицательное,-9000..-8001,-5830,6008
827,Положительное,0..999,-5824,5998
-7679,Отрицательное,-8000..-7001,-5818,5976
6847,Положительное,6000..6999,-5793,5947
-2202,Отрицательное,-3000..-2001,-5714,5924
-875,Отрицательное,-1000..-1,-5712,5913
5906,Положительное,5000..5999,-5707,5913
-2980,Отрицательное,-3000..-2001,-5665,5906
7669,Положительное,7000..7999,-5660,5883
-5665,Отрицательное,-6000..-5001,-5631,5879
8711,Положительное,8000..8999,-5600,5870
8881,Положительное,8000..8999,-5554,5866
5488,Положительное,5000..5999,-5527,5843
-2038,Отрицательное,-3000..-2001,-5468,5810
5498,Положительное,5000..5999,-5466,5773
3338,Положительное,3000..3999,-5428,5686
-3761,Отрицательное,-4000..-3001,-5425,5654
-6910,Отрицательное,-7000..-6001,-5407,5629
-6824,Отрицательное,-7000..-6001,-5340,5623
4124,Положительное,4000..4999,-5319,5600
1609,Положительное,1000..1999,-5261,5574
3879,Положительное,3000..3999,-5172,5569
3470,Положительное,3000..3999,-5165,5554
5303,Положительное,5000..5999,-5148,5517
-8225,Отрицательное,-9000..-8001,-5131,5507
-6776,Отрицательное,-7000..-6001,-5118,5505
-8014,Отрицательное,-9000..-8001,-5116,5498
3193,Положительное,3000..3999,-5112,5488
1118,Положительное,1000..1999,-5058,5473
-6420,Отрицательное,-7000..-6001,-5029,5423
-1853,Отрицательное,-2000..-1001,-5007,5417
-3722,Отрицательное,-4000..-3001,-4993,5411
-3768,Отрицательное,-4000..-3001,-4992,5401
7573,Положительное,7000..7999,-4992,5398
4700,Положительное,4000..4999,-4987,5381
-5407,Отрицательное,-6000..-5001,-4955,5358
3824,Положительное,3000..3999,-4936,5337
-3988,Отрицательное,-4000..-3001,-4928,5315
-873,Отрицательное,-1000..-1,-4907,5303
5159,Положительное,5000..5999,-4906,5267
-1815,Отрицательное,-2000..-1001,-4871,5238
-7530,Отрицательное,-8000..-7001,-4854,5236
4520,Положительное,4000..4999,-4842,5232
8033,Положительное,8000..8999,-4831,5227
-6792,Отрицательное,-7000..-6001,-4818,5225
-8343,Отрицательное,-9000..-8001,-4811,5222
7713,Положительное,7000..7999,-4785,5159
-9517,Отрицательное,-10000..-9001,-4784,5147
-6944,Отрицательное,-7000..-6001,-4769,5138
-2255,Отрицательное,-3000..-2001,-4758,5128
-4551,Отрицательное,-5000..-4001,-4731,5120
3317,Положительное,3000..3999,-4707,5083
5913,Положительное,5000..5999,-4706,5064
5773,Положительное,5000..5999,-4676,5054
-2996,Отрицательное,-3000..-2001,-4671,5035
3141,Положительное,3000..3999,-4646,5017
-8079,Отрицательное,-9000..-8001,-4634,4982
-4606,Отрицательное,-5000..-4001,-4606,4967
2418,Положительное,2000..2999,-4592,4957
-9930,Отрицательное,-10000..-9001,-4590,4923
2793,Положительное,2000..2999,-4564,4920
-1310,Отрицательное,-2000..-1001,-4551,4909
4909,Положительное,4000..4999,-4502,4903
-653,Отрицательное,-1000..-1,-4440,4899
3861,Положительное,3000..3999,-4393,4877
8211,Положительное,8000..8999,-4305,4868
5947,Положительное,5000..5999,-4298,4867
-4928,Отрицательное,-5000..-4001,-4260,4857
-3778,Отрицательное,-4000..-3001,-4237,4794
-278,Отрицательное,-1000..-1,-4229,4771
-2867,Отрицательное,-3000..-2001,-4199,4762
-8084,Отрицательное,-9000..-8001,-4149,4762
8978,Положительное,8000..8999,-4146,4747
7766,Положительное,7000..7999,-4123,4719
-8003,Отрицательное,-9000..-8001,-4121,4700
276,Положительное,0..999,-4053,4685
-8127,Отрицательное,-9000..-8001,-4046,4632
-8357,Отрицательное,-9000..-8001,-4042,4611
9142,Положительное,9000..10000,-3988,4520
5623,Положительное,5000..5999,-3959,4507
6477,Положительное,6000..6999,-3934,4502
7403,Положительное,7000..7999,-3911,4490
-4842,Отрицательное,-5000..-4001,-3854,4488
-8137,Отрицательное,-9000..-8001,-3778,4484
6640,Положительное,6000..6999,-3772,4478
-7375,Отрицательное,-8000..-7001,-3768,4476
-3911,Отрицательное,-4000..-3001,-3761,4433
-7755,Отрицательное,-8000..-7001,-3755,4413
9498,Положительное,9000..10000,-3740,4390
-7774,Отрицательное,-8000..-7001,-3724,4358
-2293,Отрицательное,-3000..-2001,-3722,4356
3230,Положительное,3000..3999,-3714,4355
-6072,Отрицательное,-7000..-6001,-3700,4344
8667,Положительное,8000..8999,-3690,4299
-1933,Отрицательное,-2000..-1001,-3672,4288
8970,Положительное,8000..8999,-3640,4283
9481,Положительное,9000..10000,-3629,4281
-8698,Отрицательное,-9000..-8001,-3544,4272
-7314,Отрицательное,-8000..-7001,-3518,4270
3737,Положительное,3000..3999,-3502,4246
9125,Положительное,9000..10000,-3485,4239
8521,Положительное,8000..8999,-3483,4205
7130,Положительное,7000..7999,-3475,4156
366,Положительное,0..999,-3468,4132
-1456,Отрицательное,-2000..-1001,-3461,4124
-3307,Отрицательное,-4000..-3001,-3409,4086
295,Положительное,0..999,-3330,4083
-2179,Отрицательное,-3000..-2001,-3329,4051
-1297,Отрицательное,-2000..-1001,-3307,4044
2969,Положительное,2000..2999,-3223,4038
-5712,Отрицательное,-6000..-5001,-3192,4037
-170,Отрицательное,-1000..-1,-3135,4014
4982,Положительное,4000..4999,-3117,3983
360,Положительное,0..999,-3113,3942
-7623,Отрицательное,-8000..-7001,-3099,3931
-9695,Отрицательное,-10000..-9001,-3087,3930
5017,Положительное,5000..5999,-3086,3879
8448,Положительное,8000..8999,-3065,3879
-6724,Отрицательное,-7000..-6001,-3060,3865
-7600,Отрицательное,-8000..-7001,-3050,3861
7617,Положительное,7000..7999,-3033,3848
-3016,Отрицательное,-4000..-3001,-3016,3833
6576,Положительное,6000..6999,-2998,3825
-1310,Отрицательное,-2000..-1001,-2996,3824
-5660,Отрицательное,-6000..-5001,-2990,3813
1436,Положительное,1000..1999,-2980,3777
-7746,Отрицательное,-8000..-7001,-2945,3767
-1996,Отрицательное,-2000..-1001,-2910,3764
2108,Положительное,2000..2999,-2867,3746
-662,Отрицательное,-1000..-1,-2858,3737
-4831,Отрицательное,-5000..-4001,-2836,3730
4358,Положительное,4000..4999,-2830,3637
7800,Положительное,7000..7999,-2814,3624
-88,Отрицательное,-1000..-1,-2810,3614
7332,Положительное,7000..7999,-2804,3596
-9744,Отрицательное,-10000..-9001,-2784,3594
8173,Положительное,8000..8999,-2777,3580
-190,Отрицательное,-1000..-1,-2774,3541
-6606,Отрицательное,-7000..-6001,-2739,3510
-5600,Отрицательное,-6000..-5001,-2712,3491
-1334,Отрицательное,-2000..-1001,-2696,3488
-6218,Отрицательное,-7000..-6001,-2686,3470
-6493,Отрицательное,-7000..-6001,-2653,3386
8128,Положительное,8000..8999,-2639,3382
-4907,Отрицательное,-5000..-4001,-2638,3380
-1076,Отрицательное,-2000..-1001,-2638,3369
-768,Отрицательное,-1000..-1,-2634,3356
9819,Положительное,9000..10000,-2605,3338
-3099,Отрицательное,-4000..-3001,-2546,3317
1235,Положительное,1000..1999,-2543,3317
-3329,Отрицательное,-4000..-3001,-2533,3316
-1350,Отрицательное,-2000..-1001,-2499,3306
6561,Положительное,6000..6999,-2499,3251
6008,Положительное,6000..6999,-2495,3248
-1772,Отрицательное,-2000..-1001,-2460,3244
-8336,Отрицательное,-9000..-8001,-2446,3230
-6976,Отрицательное,-7000..-6001,-2423,3193
3879,Положительное,3000..3999,-2415,3189
-934,Отрицательное,-1000..-1,-2377,3185
-8556,Отрицательное,-9000..-8001,-2372,3145
-9884,Отрицательное,-10000..-9001,-2352,3141
929,Положительное,0..999,-2317,3130
-5714,Отрицательное,-6000..-5001,-2304,3122
-1417,Отрицательное,-2000..-1001,-2293,3096
-4706,Отрицательное,-5000..-4001,-2255,3095
4478,Положительное,4000..4999,-2243,3087
8077,Положительное,8000..8999,-2202,3074
4014,Положительное,4000..4999,-2184,3056
8379,Положительное,8000..8999,-2179,2997
-9684,Отрицательное,-10000..-9001,-2161,2969
-6335,Отрицательное,-7000..-6001,-2159,2964
-7535,Отрицательное,-8000..-7001,-2154,2911
-5116,Отрицательное,-6000..-5001,-2141,2793
7877,Положительное,7000..7999,-2126,2779
-8820,Отрицательное,-9000..-8001,-2108,2762
2098,Положительное,2000..2999,-2092,2742
9087,Положительное,9000..10000,-2043,2622
8105,Положительное,8000..8999,-2038,2608
-5148,Отрицательное,-6000..-5001,-2028,2582
4083,Положительное,4000..4999,-2014,2569
-5824,Отрицательное,-6000..-5001,-2010,2551
-8630,Отрицательное,-9000..-8001,-2006,2535
101,Положительное,0..999,-1996,2504
1948,Положительное,1000..1999,-1979,2464
-8693,Отрицательное,-9000..-8001,-1977,2464
1724,Положительное,1000..1999,-1976,2455
-3117,Отрицательное,-4000..-3001,-1956,2449
-1824,Отрицательное,-2000..-1001,-1933,2433
-6632,Отрицательное,-7000..-6001,-1919,2423
1589,Положительное,1000..1999,-1899,2423
8346,Положительное,8000..8999,-1898,2422
3316,Положительное,3000..3999,-1877,2418
-4936,Отрицательное,-5000..-4001,-1869,2418
-2243,Отрицательное,-3000..-2001,-1868,2403
-4676,Отрицательное,-5000..-4001,-1853,2360
-4199,Отрицательное,-5000..-4001,-1835,2298
3510,Положительное,3000..3999,-1824,2252
-9188,Отрицательное,-10000..-9001,-1815,2236
-4123,Отрицательное,-5000..-4001,-1796,2142
885,Положительное,0..999,-1772,2130
3491,Положительное,3000..3999,-1763,2108
-1869,Отрицательное,-2000..-1001,-1762,2098
-1258,Отрицательное,-2000..-1001,-1734,2092
-4784,Отрицательное,-5000..-4001,-1730,2087
-6458,Отрицательное,-7000..-6001,-1727,1954
2535,Положительное,2000..2999,-1654,1948
-8732,Отрицательное,-9000..-8001,-1604,1934
5423,Положительное,5000..5999,-1535,1894
-2712,Отрицательное,-3000..-2001,-1507,1868
-3461,Отрицательное,-4000..-3001,-1476,1861
5083,Положительное,5000..5999,-1456,1854
1457,Положительное,1000..1999,-1441,1850
0,Ноль,0..999,-1417,1825
-2543,Отрицательное,-3000..-2001,-1391,1763
-2696,Отрицательное,-3000..-2001,-1370,1724
-9225,Отрицательное,-10000..-9001,-1350,1641
-3672,Отрицательное,-4000..-3001,-1334,1626
3056,Положительное,3000..3999,-1333,1609
756,Положительное,0..999,-1332,1589
-871,Отрицательное,-1000..-1,-1329,1528
-7726,Отрицательное,-8000..-7001,-1321,1526
-854,Отрицательное,-1000..-1,-1315,1506
1506,Положительное,1000..1999,-1310,1467
6692,Положительное,6000..6999,-1310,1457
3096,Положительное,3000..3999,-1302,1436
7570,Положительное,7000..7999,-1297,1401
851,Положительное,0..999,-1296,1377
-9096,Отрицательное,-10000..-9001,-1258,1327
-6221,Отрицательное,-7000..-6001,-1257,1309
-1441,Отрицательное,-2000..-1001,-1252,1270
-4149,Отрицательное,-5000..-4001,-1250,1264
9024,Положительное,9000..10000,-1246,1235
-1302,Отрицательное,-2000..-1001,-1227,1181
-8747,Отрицательное,-9000..-8001,-1206,1164
-6448,Отрицательное,-7000..-6001,-1169,1152
9548,Положительное,9000..10000,-1155,1149
4239,Положительное,4000..4999,-1150,1146
1327,Положительное,1000..1999,-1123,1137
278,Положительное,0..999,-1097,1118
4299,Положительное,4000..4999,-1080,1078
9864,Положительное,9000..10000,-1076,1059
6758,Положительное,6000..6999,-1057,1029
-6211,Отрицательное,-7000..-6001,-1041,1023
2622,Положительное,2000..2999,-1012,1014
8893,Положительное,8000..8999,-1002,1005
-3772,Отрицательное,-4000..-3001,-988,983
-1654,Отрицательное,-2000..-1001,-948,929
-8546,Отрицательное,-9000..-8001,-948,921
4288,Положительное,4000..4999,-940,893
-9945,Отрицательное,-10000..-9001,-934,885
7036,Положительное,7000..7999,-914,851
7643,Положительное,7000..7999,-895,842
-3544,Отрицательное,-4000..-3001,-892,839
1934,Положительное,1000..1999,-886,827
4132,Положительное,4000..4999,-885,819
-7708,Отрицательное,-8000..-7001,-883,807
819,Положительное,0..999,-875,756
286,Положительное,0..999,-873,726
-5917,Отрицательное,-6000..-5001,-871,710
-160,Отрицательное,-1000..-1,-861,688
6617,Положительное,6000..6999,-854,650
134,Положительное,0..999,-837,626
3382,Положительное,3000..3999,-768,621
688,Положительное,0..999,-736,593
3185,Положительное,3000..3999,-732,561
-312,Отрицательное,-1000..-1,-727,561
8166,Положительное,8000..8999,-701,559
-5830,Отрицательное,-6000..-5001,-683,544
-3714,Отрицательное,-4000..-3001,-662,520
3777,Положительное,3000..3999,-653,476
2423,Положительное,2000..2999,-638,397
-4298,Отрицательное,-5000..-4001,-599,366
8648,Положительное,8000..8999,-562,360
-139,Отрицательное,-1000..-1,-560,339
3306,Положительное,3000..3999,-556,336
7954,Положительное,7000..7999,-543,311
-9987,Отрицательное,-10000..-9001,-518,306
-43,Отрицательное,-1000..-1,-457,295
-599,Отрицательное,-1000..-1,-437,286
-3113,Отрицательное,-4000..-3001,-428,278
4086,Положительное,4000..4999,-394,276
9004,Положительное,9000..10000,-383,222
9879,Положительное,9000..10000,-359,214
559,Положительное,0..999,-312,192
5236,Положительное,5000..5999,-293,182
4476,Положительное,4000..4999,-278,171
4488,Положительное,4000..4999,-257,134
-2998,Отрицательное,-3000..-2001,-221,101
6750,Положительное,6000..6999,-217,79
5505,Положительное,5000..5999,-216,76
-4440,Отрицательное,-5000..-4001,-190,47
-7222,Отрицательное,-8000..-7001,-170,33
-701,Отрицательное,-1000..-1,-160,6
6890,Положительное,6000..6999,-139,0
983,Положительное,0..999,-118,-36
-6940,Отрицательное,-7000..-6001,-96,-43
-2304,Отрицательное,-3000..-2001,-88,-44
171,Положительное,0..999,-44,-88
-2639,Отрицательное,-3000..-2001,-43,-96
-3475,Отрицательное,-4000..-3001,-36,-118
-5172,Отрицательное,-6000..-5001,0,-139
-9200,Отрицательное,-10000..-9001,6,-160
-8486,Отрицательное,-9000..-8001,33,-170
-1977,Отрицательное,-2000..-1001,47,-190
5569,Положительное,5000..5999,76,-216
-7614,Отрицательное,-8000..-7001,79,-217
4923,Положительное,4000..4999,101,-221
3580,Положительное,3000..3999,134,-257
8863,Положительное,8000..8999,171,-278
-3629,Отрицательное,-4000..-3001,182,-293
2582,Положительное,2000..2999,192,-312
6199,Положительное,6000..6999,214,-359
3095,Положительное,3000..3999,222,-383
-2006,Отрицательное,-3000..-2001,276,-394
-5165,Отрицательное,-6000..-5001,278,-428
-9819,Отрицательное,-10000..-9001,286,-437
-6508,Отрицательное,-7000..-6001,295,-457
3931,Положительное,3000..3999,306,-518
-2830,Отрицательное,-3000..-2001,311,-543
-4237,Отрицательное,-5000..-4001,336,-556
6972,Положительное,6000..6999,339,-560
5222,Положительное,5000..5999,360,-562
-8355,Отрицательное,-9000..-8001,366,-599
8265,Положительное,8000..8999,397,-638
-1835,Отрицательное,-2000..-1001,476,-653
-6024,Отрицательное,-7000..-6001,520,-662
4957,Положительное,4000..4999,544,-683
-5631,Отрицательное,-6000..-5001,559,-701
5225,Положительное,5000..5999,561,-727
7404,Положительное,7000..7999,561,-732
8314,Положительное,8000..8999,593,-736
9511,Положительное,9000..10000,621,-768
397,Положительное,0..999,626,-837
4502,Положительное,4000..4999,650,-854
6540,Положительное,6000..6999,688,-861
3983,Положительное,3000..3999,710,-871
7952,Положительное,7000..7999,726,-873
4611,Положительное,4000..4999,756,-875
-4785,Отрицательное,-5000..-4001,807,-883
5554,Положительное,5000..5999,819,-885
4747,Положительное,4000..4999,827,-886
-1507,Отрицательное,-2000..-1001,839,-892
-1899,Отрицательное,-2000..-1001,842,-895
-914,Отрицательное,-1000..-1,851,-914
7081,Положительное,7000..7999,885,-934
5879,Положительное,5000..5999,893,-940
-2161,Отрицательное,-3000..-2001,921,-948
-1002,Отрицательное,-2000..-1001,929,-948
4413,Положительное,4000..4999,983,-988
-7462,Отрицательное,-8000..-7001,1005,-1002
-638,Отрицательное,-1000..-1,1014,-1012
-2317,Отрицательное,-3000..-2001,1023,-1041
-1097,Отрицательное,-2000..-1001,1029,-1057
1005,Положительное,1000..1999,1059,-1076
476,Положительное,0..999,1078,-1080
7699,Положительное,7000..7999,1118,-1097
-7360,Отрицательное,-8000..-7001,1137,-1123
-5466,Отрицательное,-6000..-5001,1146,-1150
-5058,Отрицательное,-6000..-5001,1149,-1155
-2423,Отрицательное,-3000..-2001,1152,-1169
2551,Положительное,2000..2999,1164,-1206
-4993,Отрицательное,-5000..-4001,1181,-1227
-2990,Отрицательное,-3000..-2001,1235,-1246
-7896,Отрицательное,-8000..-7001,1264,-1250
3594,Положительное,3000..3999,1270,-1252
3356,Положительное,3000..3999,1309,-1257
842,Положительное,0..999,1327,-1258
7780,Положительное,7000..7999,1377,-1296
5267,Положительное,5000..5999,1401,-1297
3624,Положительное,3000..3999,1436,-1302
-7960,Отрицательное,-8000..-7001,1457,-1310
-3223,Отрицательное,-4000..-3001,1467,-1310
3767,Положительное,3000..3999,1506,-1315
2762,Положительное,2000..2999,1526,-1321
9139,Положительное,9000..10000,1528,-1329
-9360,Отрицательное,-10000..-9001,1589,-1332
8864,Положительное,8000..8999,1609,-1333
2464,Положительное,2000..2999,1626,-1334
5629,Положительное,5000..5999,1641,-1350
-9807,Отрицательное,-10000..-9001,1724,-1370
1526,Положительное,1000..1999,1763,-1391
-216,Отрицательное,-1000..-1,1825,-1417
2779,Положительное,2000..2999,1850,-1441
3730,Положительное,3000..3999,1854,-1456
7636,Положительное,7000..7999,1861,-1476
7895,Положительное,7000..7999,1868,-1507
9767,Положительное,9000..10000,1894,-1535
-2774,Отрицательное,-3000..-2001,1934,-1604
5998,Положительное,5000..5999,1948,-1654
-2810,Отрицательное,-3000..-2001,1954,-1727
-1057,Отрицательное,-2000..-1001,2087,-1730
4281,Положительное,4000..4999,2092,-1734
5913,Положительное,5000..5999,2098,-1762
-9049,Отрицательное,-10000..-9001,2108,-1763
2742,Положительное,2000..2999,2130,-1772
1014,Положительное,1000..1999,2142,-1796
3248,Положительное,3000..3999,2236,-1815
-4592,Отрицательное,-5000..-4001,2252,-1824
5315,Положительное,5000..5999,2298,-1835
-5818,Отрицательное,-6000..-5001,2360,-1853
7502,Положительное,7000..7999,2403,-1868
-9117,Отрицательное,-10000..-9001,2418,-1869
2911,Положительное,2000..2999,2418,-1877
9395,Положительное,9000..10000,2422,-1898
8493,Положительное,8000..8999,2423,-1899
-9112,Отрицательное,-10000..-9001,2423,-1919
-7250,Отрицательное,-8000..-7001,2433,-1933
4044,Положительное,4000..4999,2449,-1956
-5554,Отрицательное,-6000..-5001,2455,-1976
5128,Положительное,5000..5999,2464,-1977
-4046,Отрицательное,-5000..-4001,2464,-1979
-8353,Отрицательное,-9000..-8001,2504,-1996
-1476,Отрицательное,-2000..-1001,2535,-2006
2422,Положительное,2000..2999,2551,-2010
726,Положительное,0..999,2569,-2014
-3065,Отрицательное,-4000..-3001,2582,-2028
4899,Положительное,4000..4999,2608,-2038
710,Положительное,0..999,2622,-2043
1059,Положительное,1000..1999,2742,-2092
2423,Положительное,2000..2999,2762,-2108
-883,Отрицательное,-1000..-1,2779,-2126
3813,Положительное,3000..3999,2793,-2141
-1734,Отрицательное,-2000..-1001,2911,-2154
-7317,Отрицательное,-8000..-7001,2964,-2159
5411,Положительное,5000..5999,2969,-2161
-9365,Отрицательное,-10000..-9001,2997,-2179
7675,Положительное,7000..7999,3056,-2184
-8294,Отрицательное,-9000..-8001,3074,-2202
1467,Положительное,1000..1999,3087,-2243
-2653,Отрицательное,-3000..-2001,3095,-2255
-7752,Отрицательное,-8000..-7001,3096,-2293
-8681,Отрицательное,-9000..-8001,3122,-2304
-8984,Отрицательное,-9000..-8001,3130,-2317
-1898,Отрицательное,-2000..-1001,3141,-2352
-3468,Отрицательное,-4000..-3001,3145,-2372
-9333,Отрицательное,-10000..-9001,3185,-2377
-5007,Отрицательное,-6000..-5001,3189,-2415
-2184,Отрицательное,-3000..-2001,3193,-2423
-5864,Отрицательное,-6000..-5001,3230,-2446
5517,Положительное,5000..5999,3244,-2460
-6252,Отрицательное,-7000..-6001,3248,-2495
8480,Положительное,8000..8999,3251,-2499
-2858,Отрицательное,-3000..-2001,3306,-2499
5238,Положительное,5000..5999,3316,-2533
-1604,Отрицательное,-2000..-1001,3317,-2543
2087,Положительное,2000..2999,3317,-2546
-4502,Отрицательное,-5000..-4001,3338,-2605
9853,Положительное,9000..10000,3356,-2634
9898,Положительное,9000..10000,3369,-2638
-6247,Отрицательное,-7000..-6001,3380,-2638
-4634,Отрицательное,-5000..-4001,3382,-2639
192,Положительное,0..999,3386,-2653
-6458,Отрицательное,-7000..-6001,3470,-2686
8962,Положительное,8000..8999,3488,-2696
-9159,Отрицательное,-10000..-9001,3491,-2712
222,Положительное,0..999,3510,-2739
8867,Положительное,8000..8999,3541,-2774
2298,Положительное,2000..2999,3580,-2777
2997,Положительное,2000..2999,3594,-2784
-3502,Отрицательное,-4000..-3001,3596,-2804
-7510,Отрицательное,-8000..-7001,3614,-2810
9401,Положительное,9000..10000,3624,-2814
-2043,Отрицательное,-3000..-2001,3637,-2830
-6661,Отрицательное,-7000..-6001,3730,-2836
-118,Отрицательное,-1000..-1,3737,-2858
9674,Положительное,9000..10000,3746,-2867
-6034,Отрицательное,-7000..-6001,3764,-2910
8544,Положительное,8000..8999,3767,-2945
-8655,Отрицательное,-9000..-8001,3777,-2980
1377,Положительное,1000..1999,3813,-2990
7456,Положительное,7000..7999,3824,-2996
4037,Положительное,4000..4999,3825,-2998
2142,Положительное,2000..2999,3833,-3016
-7741,Отрицательное,-8000..-7001,3848,-3033
6579,Положительное,6000..6999,3861,-3050
1181,Положительное,1000..1999,3865,-3060
-9586,Отрицательное,-10000..-9001,3879,-3065
3764,Положительное,3000..3999,3879,-3086
6062,Положительное,6000..6999,3930,-3087
-6542,Отрицательное,-7000..-6001,3931,-3099
4205,Положительное,4000..4999,3942,-3113
1868,Положительное,1000..1999,3983,-3117
5064,Положительное,5000..5999,4014,-3135
-4987,Отрицательное,-5000..-4001,4037,-3192
4270,Положительное,4000..4999,4038,-3223
-4229,Отрицательное,-5000..-4001,4044,-3307
7096,Положительное,7000..7999,4051,-3329
-1150,Отрицательное,-2000..-1001,4083,-3330
7634,Положительное,7000..7999,4086,-3409
5843,Положительное,5000..5999,4124,-3461
5232,Положительное,5000..5999,4132,-3468
4272,Положительное,4000..4999,4156,-3475
9414,Положительное,9000..10000,4205,-3483
-1206,Отрицательное,-2000..-1001,4239,-3485
561,Положительное,0..999,4246,-3502
-1956,Отрицательное,-2000..-1001,4270,-3518
-7161,Отрицательное,-8000..-7001,4272,-3544
-861,Отрицательное,-1000..-1,4281,-3629
4771,Положительное,4000..4999,4283,-3640
-2010,Отрицательное,-3000..-2001,4288,-3672
5227,Положительное,5000..5999,4299,-3690
8672,Положительное,8000..8999,4344,-3700
9999,Положительное,9000..10000,4355,-3714
2418,Положительное,2000..2999,4356,-3722
1023,Положительное,1000..1999,4358,-3724
-9060,Отрицательное,-10000..-9001,4390,-3740
6197,Положительное,6000..6999,4413,-3755
650,Положительное,0..999,4433,-3761
-4042,Отрицательное,-5000..-4001,4476,-3768
5976,Положительное,5000..5999,4478,-3772
-3050,Отрицательное,-4000..-3001,4484,-3778
1626,Положительное,1000..1999,4488,-3854
-1535,Отрицательное,-2000..-1001,4490,-3911
1152,Положительное,1000..1999,4502,-3934
-837,Отрицательное,-1000..-1,4507,-3959
9534,Положительное,9000..10000,4520,-3988
-948,Отрицательное,-1000..-1,4611,-4042
8212,Положительное,8000..8999,4632,-4046
-9668,Отрицательное,-10000..-9001,4685,-4053
6928,Положительное,6000..6999,4700,-4121
-3740,Отрицательное,-4000..-3001,4719,-4123
-7195,Отрицательное,-8000..-7001,4747,-4146
-2092,Отрицательное,-3000..-2001,4762,-4149
3317,Положительное,3000..3999,4762,-4199
6009,Положительное,6000..6999,4771,-4229
8192,Положительное,8000..8999,4794,-4237
-2126,Отрицательное,-3000..-2001,4857,-4260
5600,Положительное,5000..5999,4867,-4298
6083,Положительное,6000..6999,4868,-4305
4685,Положительное,4000..4999,4877,-4393
-9435,Отрицательное,-10000..-9001,4899,-4440
-6951,Отрицательное,-7000..-6001,4903,-4502
-359,Отрицательное,-1000..-1,4909,-4551
-2739,Отрицательное,-3000..-2001,4920,-4564
3251,Положительное,3000..3999,4923,-4590
-2028,Отрицательное,-3000..-2001,4957,-4592
33,Положительное,0..999,4967,-4606
9056,Положительное,9000..10000,4982,-4634
2092,Положительное,2000..2999,5017,-4646
5507,Положительное,5000..5999,5035,-4671
8136,Положительное,8000..8999,5054,-4676
7397,Положительное,7000..7999,5064,-4706
1264,Положительное,1000..1999,5083,-4707
3942,Положительное,3000..3999,5120,-4731
8035,Положительное,8000..8999,5128,-4758
839,Положительное,0..999,5138,-4769
1528,Положительное,1000..1999,5147,-4784
4868,Положительное,4000..4999,5159,-4785
-1123,Отрицательное,-2000..-1001,5222,-4811
47,Положительное,0..999,5225,-4818
-1763,Отрицательное,-2000..-1001,5227,-4831
-2446,Отрицательное,-3000..-2001,5232,-4842
-6047,Отрицательное,-7000..-6001,5236,-4854
-3690,Отрицательное,-4000..-3001,5238,-4871
339,Положительное,0..999,5267,-4906
-6083,Отрицательное,-7000..-6001,5303,-4907
7559,Положительное,7000..7999,5315,-4928
-3934,Отрицательное,-4000..-3001,5337,-4936
-3724,Отрицательное,-4000..-3001,5358,-4955
-2910,Отрицательное,-3000..-2001,5381,-4987
5866,Положительное,5000..5999,5398,-4992
-940,Отрицательное,-1000..-1,5401,-4992
9319,Положительное,9000..10000,5411,-4993
7191,Положительное,7000..7999,5417,-5007
9555,Положительное,9000..10000,5423,-5029
-727,Отрицательное,-1000..-1,5473,-5058
-6706,Отрицательное,-7000..-6001,5488,-5112
-3640,Отрицательное,-4000..-3001,5498,-5116
-293,Отрицательное,-1000..-1,5505,-5118
-2546,Отрицательное,-3000..-2001,5507,-5131
1825,Положительное,1000..1999,5517,-5148
-4121,Отрицательное,-5000..-4001,5554,-5165
-96,Отрицательное,-1000..-1,5569,-5172
-9537,Отрицательное,-10000..-9001,5574,-5261
7502,Положительное,7000..7999,5600,-5319
-5853,Отрицательное,-6000..-5001,5623,-5340
-1012,Отрицательное,-2000..-1001,5629,-5407
-8509,Отрицательное,-9000..-8001,5654,-5425
-8214,Отрицательное,-9000..-8001,5686,-5428
8132,Положительное,8000..8999,5773,-5466
-428,Отрицательное,-1000..-1,5810,-5468
-5863,Отрицательное,-6000..-5001,5843,-5527
6085,Положительное,6000..6999,5866,-5554
-6639,Отрицательное,-7000..-6001,5870,-5600
-9599,Отрицательное,-10000..-9001,5879,-5631
8810,Положительное,8000..8999,5883,-5660
-683,Отрицательное,-1000..-1,5906,-5665
5381,Положительное,5000..5999,5913,-5707
5686,Положительное,5000..5999,5913,-5712
4433,Положительное,4000..4999,5924,-5714
1164,Положительное,1000..1999,5947,-5793
-3959,Отрицательное,-4000..-3001,5976,-5818
-8317,Отрицательное,-9000..-8001,5998,-5824
-1727,Отрицательное,-2000..-1001,6008,-5830
5654,Положительное,5000..5999,6009,-5853
-6262,Отрицательное,-7000..-6001,6010,-5863
-7859,Отрицательное,-8000..-7001,6044,-5864
3130,Положительное,3000..3999,6062,-5880
6113,Положительное,6000..6999,6083,-5910
-7573,Отрицательное,-8000..-7001,6085,-5917
8907,Положительное,8000..8999,6112,-5926
-8244,Отрицательное,-9000..-8001,6113,-6022
-5029,Отрицательное,-6000..-5001,6171,-6024
-5112,Отрицательное,-6000..-5001,6180,-6034
8443,Положительное,8000..8999,6197,-6035
-44,Отрицательное,-1000..-1,6199,-6047
-7209,Отрицательное,-8000..-7001,6235,-6072
-1868,Отрицательное,-2000..-1001,6330,-6083
-6119,Отрицательное,-7000..-6001,6334,-6119
8286,Положительное,8000..8999,6358,-6151
3637,Положительное,3000..3999,6399,-6202
9867,Положительное,9000..10000,6403,-6211
9533,Положительное,9000..10000,6477,-6218
-2605,Отрицательное,-3000..-2001,6540,-6221
7123,Положительное,7000..7999,6559,-6240
2464,Положительное,2000..2999,6561,-6247
4762,Положительное,4000..4999,6576,-6247
4507,Положительное,4000..4999,6579,-6252
-257,Отрицательное,-1000..-1,6617,-6262
9284,Положительное,9000..10000,6635,-6283
4051,Положительное,4000..4999,6635,-6335
6,Положительное,0..999,6637,-6335
8632,Положительное,8000..8999,6640,-6345
-8027,Отрицательное,-9000..-8001,6654,-6352
9976,Положительное,9000..10000,6674,-6408
-6749,Отрицательное,-7000..-6001,6692,-6420
-3192,Отрицательное,-4000..-3001,6696,-6448
-3086,Отрицательное,-4000..-3001,6750,-6458
-1329,Отрицательное,-2000..-1001,6758,-6458
-7340,Отрицательное,-8000..-7001,6847,-6493
-4854,Отрицательное,-5000..-4001,6862,-6508
-2141,Отрицательное,-3000..-2001,6890,-6514
-4305,Отрицательное,-5000..-4001,6928,-6542
8087,Положительное,8000..8999,6959,-6573
-7541,Отрицательное,-8000..-7001,6972,-6606
-4871,Отрицательное,-5000..-4001,6988,-6632
-9913,Отрицательное,-10000..-9001,7005,-6639
3386,Положительное,3000..3999,7036,-6642
4762,Положительное,4000..4999,7081,-6651
9458,Положительное,9000..10000,7096,-6661
5398,Положительное,5000..5999,7123,-6691
-457,Отрицательное,-1000..-1,7130,-6706
-8931,Отрицательное,-9000..-8001,7191,-6724
-2415,Отрицательное,-3000..-2001,7290,-6749
-560,Отрицательное,-1000..-1,7332,-6776
-736,Отрицательное,-1000..-1,7338,-6792
4877,Положительное,4000..4999,7378,-6824
-7668,Отрицательное,-8000..-7001,7397,-6831
-2352,Отрицательное,-3000..-2001,7403,-6910
-1332,Отрицательное,-2000..-1001,7404,-6930
9326,Положительное,9000..10000,7455,-6940
-3518,Отрицательное,-4000..-3001,7456,-6944
3930,Положительное,3000..3999,7502,-6946
-6240,Отрицательное,-7000..-6001,7502,-6951
7844,Положительное,7000..7999,7502,-6961
-2634,Отрицательное,-3000..-2001,7559,-6976
-5118,Отрицательное,-6000..-5001,7570,-7008
-1296,Отрицательное,-2000..-1001,7571,-7011
-5340,Отрицательное,-6000..-5001,7573,-7022
-7661,Отрицательное,-8000..-7001,7595,-7115
-8046,Отрицательное,-9000..-8001,7617,-7152
-4564,Отрицательное,-5000..-4001,7634,-7161
79,Положительное,0..999,7636,-7194
9498,Положительное,9000..10000,7643,-7195
8651,Положительное,8000..8999,7648,-7209
-543,Отрицательное,-1000..-1,7661,-7222
4390,Положительное,4000..4999,7669,-7250
-5926,Отрицательное,-6000..-5001,7671,-7314
5358,Положительное,5000..5999,7674,-7317
-36,Отрицательное,-1000..-1,7675,-7340
3189,Положительное,3000..3999,7694,-7360
-1080,Отрицательное,-2000..-1001,7699,-7365
6399,Положительное,6000..6999,7713,-7375
7694,Положительное,7000..7999,7766,-7386
6180,Положительное,6000..6999,7779,-7418
4344,Положительное,4000..4999,7780,-7420
-7365,Отрицательное,-8000..-7001,7800,-7462
9596,Положительное,9000..10000,7807,-7510
-8694,Отрицательное,-9000..-8001,7844,-7530
4156,Положительное,4000..4999,7856,-7535
561,Положительное,0..999,7870,-7541
9782,Положительное,9000..10000,7877,-7573
-1796,Отрицательное,-2000..-1001,7895,-7600
-9153,Отрицательное,-10000..-9001,7952,-7614
-7008,Отрицательное,-8000..-7001,7954,-7623
-2499,Отрицательное,-3000..-2001,7996,-7661
8848,Положительное,8000..8999,8015,-7661
9238,Положительное,9000..10000,8025,-7668
-9321,Отрицательное,-10000..-9001,8033,-7674
-1169,Отрицательное,-2000..-1001,8035,-7679
8882,Положительное,8000..8999,8049,-7708
-8682,Отрицательное,-9000..-8001,8063,-7713
-4260,Отрицательное,-5000..-4001,8077,-7721
5417,Положительное,5000..5999,8085,-7726
7005,Положительное,7000..7999,8087,-7733
4490,Положительное,4000..4999,8089,-7741
-886,Отрицательное,-1000..-1,8096,-7746
-4053,Отрицательное,-5000..-4001,8105,-7752
9180,Положительное,9000..10000,8128,-7755
4283,Положительное,4000..4999,8128,-7774
6112,Положительное,6000..6999,8132,-7792
-7011,Отрицательное,-8000..-7001,8136,-7832
5401,Положительное,5000..5999,8150,-7859
1401,Положительное,1000..1999,8166,-7896
3380,Положительное,3000..3999,8173,-7902
921,Положительное,0..999,8192,-7919
520,Положительное,0..999,8211,-7960
-6573,Отрицательное,-7000..-6001,8212,-8003
-4731,Отрицательное,-5000..-4001,8250,-8014
807,Положительное,0..999,8265,-8027
3488,Положительное,3000..3999,8286,-8046
6235,Положительное,6000..6999,8314,-8071
-556,Отрицательное,-1000..-1,8346,-8079
3122,Положительное,3000..3999,8379,-8084
8025,Положительное,8000..8999,8390,-8102
-8798,Отрицательное,-9000..-8001,8394,-8127
4903,Положительное,4000..4999,8443,-8137
-7115,Отрицательное,-8000..-7001,8448,-8168
306,Положительное,0..999,8480,-8214
-1730,Отрицательное,-2000..-1001,8493,-8224
593,Положительное,0..999,8521,-8225
-6202,Отрицательное,-7000..-6001,8544,-8244
3244,Положительное,3000..3999,8585,-8294
6862,Положительное,6000..6999,8591,-8309
-9963,Отрицательное,-10000..-9001,8632,-8317
7779,Положительное,7000..7999,8648,-8336
5138,Положительное,5000..5999,8651,-8343
3541,Положительное,3000..3999,8667,-8353
-8224,Отрицательное,-9000..-8001,8672,-8355
-3854,Отрицательное,-4000..-3001,8711,-8357
6988,Положительное,6000..6999,8810,-8457
1854,Положительное,1000..1999,8848,-8486
6334,Положительное,6000..6999,8863,-8499
4484,Положительное,4000..4999,8864,-8509
-8309,Отрицательное,-9000..-8001,8867,-8546
-3330,Отрицательное,-4000..-3001,8881,-8556
-1250,Отрицательное,-2000..-1001,8882,-8577
7996,Положительное,7000..7999,8893,-8630
-5707,Отрицательное,-6000..-5001,8907,-8655
-562,Отрицательное,-1000..-1,8918,-8681
4356,Положительное,4000..4999,8962,-8682
5883,Положительное,5000..5999,8970,-8693
-6022,Отрицательное,-7000..-6001,8978,-8694
-9055,Отрицательное,-10000..-9001,9002,-8698
9951,Положительное,9000..10000,9004,-8732
-2159,Отрицательное,-3000..-2001,9024,-8747
-4811,Отрицательное,-5000..-4001,9056,-8798
182,Положительное,0..999,9087,-8820
8049,Положительное,8000..8999,9121,-8931
-9552,Отрицательное,-10000..-9001,9125,-8949
8096,Положительное,8000..8999,9139,-8959
3369,Положительное,3000..3999,9142,-8971
-6946,Отрицательное,-7000..-6001,9155,-8984
-2638,Отрицательное,-3000..-2001,9180,-9024
-6283,Отрицательное,-7000..-6001,9232,-9049
5120,Положительное,5000..5999,9238,-9055
-6151,Отрицательное,-7000..-6001,9277,-9060
-4955,Отрицательное,-5000..-4001,9282,-9096
6330,Положительное,6000..6999,9284,-9112
-437,Отрицательное,-1000..-1,9309,-9117
6674,Положительное,6000..6999,9319,-9131
-1041,Отрицательное,-2000..-1001,9326,-9153
3614,Положительное,3000..3999,9349,-9159
5810,Положительное,5000..5999,9395,-9181
5473,Положительное,5000..5999,9401,-9188
-2014,Отрицательное,-3000..-2001,9414,-9200
4967,Положительное,4000..4999,9458,-9225
8063,Положительное,8000..8999,9481,-9311
-5261,Отрицательное,-6000..-5001,9498,-9321
2569,Положительное,2000..2999,9498,-9333
-3755,Отрицательное,-4000..-3001,9511,-9360
9640,Положительное,9000..10000,9526,-9362
6654,Положительное,6000..6999,9533,-9365
-5527,Отрицательное,-6000..-5001,9534,-9435
-7713,Отрицательное,-8000..-7001,9543,-9517
-948,Отрицательное,-1000..-1,9548,-9537
3596,Положительное,3000..3999,9555,-9552
1137,Положительное,1000..1999,9596,-9586
6637,Положительное,6000..6999,9626,-9599
-1246,Отрицательное,-2000..-1001,9640,-9624
-9916,Отрицательное,-10000..-9001,9674,-9668
-732,Отрицательное,-1000..-1,9726,-9684
-217,Отрицательное,-1000..-1,9767,-9695
9232,Положительное,9000..10000,9782,-9744
9002,Положительное,9000..10000,9782,-9765
6044,Положительное,6000..6999,9819,-9788
-5131,Отрицательное,-6000..-5001,9853,-9807
4632,Положительное,4000..4999,9864,-9819
7648,Положительное,7000..7999,9867,-9884
5870,Положительное,5000..5999,9876,-9894
1309,Положительное,1000..1999,9879,-9913
893,Положительное,0..999,9898,-9916
8085,Положительное,8000..8999,9951,-9930
7807,Положительное,7000..7999,9954,-9945
2360,Положительное,2000..2999,9960,-9963
4920,Положительное,4000..4999,9976,-9982
544,Положительное,0..999,9999,-9987
